topFinGrpNo,dcls_month,fin_co_no,fin_prdt_cd,kor_co_nm,fin_prdt_nm,join_way,pnsn_kind,pnsn_kind_nm,sale_strt_day,mntn_cnt,prdt_type,prdt_type_nm,avg_prft_rate,dcls_rate,guar_rate,btrm_prft_rate_1,btrm_prft_rate_2,btrm_prft_rate_3,etc,sale_co,dcls_strt_day,dcls_end_day,fin_co_subm_day
050000,202010,0010628,2920,롯데손해보험주식회사,연금저축손해보험 롯데 행복한동행 연금보험(2004),기타,3,연금저축보험(손해),20200401,363,201,금리연동형,-2.55,1.6,"경과기간 5년이하:1.25%

경과기간 10년이하:1.0%
 경과기간 10년초과:0.3%",1.6,1.65,1.7,,,20201031,,202010311800
050000,202010,0010596,19557,흥국생명보험주식회사,(무)흥국생명 연금저축보험,모집인,2,연금저축보험(생명),20190418,54,201,금리연동형,-2.59,2.35,5년 이내 : 1.25% 5년 초과 10년 이내 : 1.00% 10년 초과 : 0.75%,-0.04,,,,,20201030,,202010281600
050000,202010,0010596,19514,흥국생명보험주식회사,(무)흥국생명 온라인연금저축보험,"인터넷,스마트폰",2,연금저축보험(생명),20190418,43,201,금리연동형,-2.59,2.35,5년 이내 : 1.25% 5년 초과 10년 이내 : 1.00% 10년 초과 : 0.75%,-0.04,,,,,20201030,,202010281600
050000,202010,0010635,22940,주식회사KB손해보험,연금저축손해보험 KB다이렉트연금보험(20.04),인터넷,3,연금저축보험(손해),20200401,10,201,금리연동형,-3.41,1.5,"가입후 경과기간 5년이하 : 1.25%
5년초과 10년이하 : 1.00%
10년초과 : 0.30%",1.55,1.6,1.6,,,20201030,,202010301800
050000,202010,0010633,ZPA021060,삼성화재해상보험주식회사,연금저축손해보험 삼성화재 다이렉트 연금저축(2004.6),"인터넷,스마트폰",3,연금저축보험(손해),20200401,833,201,금리연동형,-3.73,1.6,"가입후 경과기간 5년이하 : 1.25%
 가입후 경과기간 5년초과 10년이하 : 0.75%
 가입후 경과기간 10년초과 : 0.25%",,,,,,20201031,,202010311800
050000,202010,0010594,Y0020,에이비엘생명보험주식회사,무배당 ABL인터넷연금저축보험(60세),인터넷,2,연금저축보험(생명),20200401,156,201,금리연동형,-3.76,2.65,10년이하연복리1.25%10년초과연복리0.50%,,,,,,20201030,,202010281800
050000,202010,0010593,1772025,한화생명보험주식회사,한화생명 e연금저축보험 무배당,인터넷,2,연금저축보험(생명),20200401,392,201,금리연동형,-3.81,2.37,"가입후 10년이하 1.0%, 10년초과 0.5%",,,,"지정대리청구서비스특약, 단체취급특약",,20201030,,202010281800
050000,202010,0013173,00713,농협생명보험주식회사,e-NH연금저축보험(무배당)_2002,인터넷,2,연금저축보험(생명),20200217,386,201,금리연동형,-3.93,2.2,"10년 이내 : 1.0%, 10년 초과 : 0.5%",,,,,,20201030,,202010291600
050000,202010,0013173,00714,농협생명보험주식회사,NH온라인연금저축보험(무배당)_2002,인터넷,2,연금저축보험(생명),20200217,133,201,금리연동형,-3.93,2.2,"10년 이내 : 1.0%, 10년 초과 : 0.5%",,,,,,20201030,,202010291600
050000,202010,0010628,2930,롯데손해보험주식회사,연금저축손해보험 롯데 하우머치 다이렉트 연금보험(2004),"인터넷,스마트폰",3,연금저축보험(손해),20200401,1,201,금리연동형,-3.95,1.6,"경과기간 5년이하:1.25%

경과기간 10년이하:1.0%
 경과기간 10년초과:0.3%",1.6,1.65,1.7,,,20201031,,202010311800
050000,202010,0010633,ZPA015090,삼성화재해상보험주식회사,연금저축손해보험 삼성화재 연금보험 아름다운생활Ⅱ(2004.11),모집인,3,연금저축보험(손해),20200401,1765,201,금리연동형,-4.05,1.6,"가입후 경과기간 5년이하 : 1.25%
 가입후 경과기간 5년초과 10년이하 : 0.75%
 가입후 경과기간 10년초과 : 0.25%",,,,,,20201031,,202010311800
050000,202010,0010626,61523,메리츠화재해상보험주식회사,연금저축손해보험 메리츠 연금보험2001,기타,3,연금저축보험(손해),20200101,344,201,금리연동형,-4.15,1.5,"경과기간 5년 이하 : 1.25%
 5년초과 15년이하 : 1.0%
 15년초과 : 0.3%",-4.15,,,,,20201029,,202010291200
050000,202010,0013436,10047,교보라이프플래닛생명보험주식회사,무배당라이프플래닛e연금저축보험Ⅱ(유니버셜),"인터넷,스마트폰",2,연금저축보험(생명),20200401,641,201,금리연동형,-4.16,2.5,가입후 10년 미만 : 1.25%  10년 이상 : 0.75%,,,,목표연금페이스메이커서비스신청가능,,20201030,,202010271111
050000,202010,0010607,P02289,케이디비생명보험주식회사,연금저축무배당KDB다이렉트연금보험,인터넷,2,연금저축보험(생명),20200701,220,201,금리연동형,-4.25,2.8,"5년이하1.25%, 10년이하1.0%, 10년초과0.75%",,,,,,20201030,,202010281838
050000,202010,0010595,30056,삼성생명보험주식회사,삼성생명인터넷연금저축보험2.1(무배당),인터넷,2,연금저축보험(생명),20200401,1513,201,금리연동형,-4.33,2.35,"10년 이내 1.00%, 10년초과 0.50%",,,,,,20201030,,202010281030
050000,202010,0010634,106J,현대해상화재보험주식회사,연금저축손해보험 현대해상다이렉트연금보험(Hi2004),인터넷,3,연금저축보험(손해),20200401,23,201,금리연동형,-4.39,1.5,"가입후 경과기간 5년이하 1.25%
5년초과 10년이하 1.00%
10년초과 0.30%",,,,,,20201028,,202010281500
050000,202010,0010622,L70211DG2,동양생명보험주식회사,연금저축수호천사온라인더블파워연금보험,"인터넷,스마트폰",2,연금저축보험(생명),20200701,8,201,금리연동형,-4.43,2.02,10년 이내 : 1.00%10년 초과 : 0.5%,,,,,동양생명,20201030,,202010271420
050000,202010,0010618,124591,하나생명보험주식회사,(무)하나e연금저축보험,,2,연금저축보험(생명),20200601,503,201,금리연동형,-4.48,2.72,"5년이내 : 1.25%,5년 초과 10년이내 : 1.00%,10년이후 : 0.75%",,,,"121회차 이상납입시 장기납입보너스(0.5%) 적립,중도인출 가능",,20201030,,202010280000
050000,202010,0010618,124081,하나생명보험주식회사,(무)하나원큐연금저축보험,,2,연금저축보험(생명),20200601,26,201,금리연동형,-4.48,2.72,"5년이내 : 1.25%,5년 초과 10년이내 : 1.00%,10년이후 : 0.75%",,,,"121회차 이상납입시 장기납입보너스(0.5%) 적립,중도인출 가능",,20201030,,202010280000
050000,202010,0010635,22943,주식회사KB손해보험,연금저축손해보험 KB멀티플러스연금보험(20.04),"영업점,모집인",3,연금저축보험(손해),20200401,1293,201,금리연동형,-4.56,1.5,"가입후 경과기간 5년이하 : 1.25%
5년초과 10년이하 : 1.00%
10년초과 : 0.30%",1.55,1.6,1.6,,,20201030,,202010301800
050000,202010,0010628,"2900, 2901",롯데손해보험주식회사,연금저축손해보험 롯데 명품 연금보험(2004),모집인,3,연금저축보험(손해),20200401,72,201,금리연동형,-4.97,1.6,"경과기간 5년이하:1.25%

경과기간 10년이하:1.0%
 경과기간 10년초과:0.3%",1.6,1.65,1.7,,,20201031,,202010311800
050000,202010,0010627,LA01849,한화손해보험주식회사,연금저축손해보험 골드연금보험2004,"영업점,모집인",3,연금저축보험(손해),20200401,340,201,금리연동형,-4.98,1.55,"경과기간 5년이하 1.0%
 5년초과 10년이하 0.75%
 10년초과 0.3%",,,,,,20201023,,202010230000
050000,202010,0012455,581121DG2,아이비케이연금보험 주식회사,무배당IBKe-세액공제연금저축보험_2007,영업점,2,연금저축보험(생명),20200701,434,201,금리연동형,-5.03,2.55,5년 이내 : 1.25% 5년 초과 10년 이내 : 1.00% 10년 초과 : 0.50%,,,,,,20201030,,202010281730
050000,202010,0012455,401521DG2,아이비케이연금보험 주식회사,무배당IBK인터넷세액공제연금저축보험_2007,인터넷,2,연금저축보험(생명),20200701,29,201,금리연동형,-5.03,2.55,5년 이내 : 1.25% 5년 초과 10년 이내 : 1.00% 10년 초과 : 0.50%,,,,,,20201030,,202010281730
050000,202010,0010618,124571,하나생명보험주식회사,(무)하나플러스연금저축보험,영업점,2,연금저축보험(생명),20200601,448,201,금리연동형,-5.13,2.72,"5년이내 : 1.25%,5년 초과 10년이내 : 1.00%,10년이후 : 0.75%",,,,"121회차 이상 납입시 장기납입보너스(0.5%) 적립,행복한보너스 대상자에 해당되는 경우 행복한보너스(0.5%) 적립,중도인출 가능",,20201030,,202010280000
050000,202010,0013173,00715,농협생명보험주식회사,세테크NH연금저축보험(무배당),"영업점,모집인",2,연금저축보험(생명),20200217,8690,201,금리연동형,-5.32,2.2,"10년 이내 : 1.0%, 10년 초과 : 0.5%",,,,,,20201030,,202010291600
050000,202010,0013436,10046,교보라이프플래닛생명보험주식회사,무배당라이프플래닛b연금저축보험Ⅱ,기타,2,연금저축보험(생명),20200401,944,201,금리연동형,-5.46,2.5,가입후 10년 미만 : 1.25%  10년 이상 : 0.75%,,,,목표연금페이스메이커서비스신청가능,,20201030,,202010271111
050000,202010,0011354,2722,하나손해보험주식회사,연금저축손해보험 The큰행복연금보험(2004),"모집인,전화(텔레뱅킹)",3,연금저축보험(손해),20200401,21,201,금리연동형,-5.7,1.55,"가입후 경과기간 5년이하 : 1.25%
가입후 경과기간 5년초과 10년이하 : 1.00%
가입후 경과기간 10년초과 : 0.50%",,,,,,20201030,,202007311100
050000,202010,0010593,1858010,한화생명보험주식회사,한화생명 b연금저축보험 무배당,,2,연금저축보험(생명),20200401,138,201,금리연동형,-5.82,2.37,"가입후 10년이하 1.0%, 10년초과 0.5%",,,,지정대리청구서비스특약,,20201030,,202010281800
050000,202010,0010630,L1906,흥국화재해상보험주식회사,연금저축손해보험 흥국화재 행복디딤돌보험(20.04),모집인,3,연금저축보험(손해),20200401,152,201,금리연동형,-5.83,1.55,"가입후 경과기간 5년이하 1.25%
5년초과 10년이내 1.00%
10년초과 0.30%",,,,,,20201031,,202010281700
050000,202010,0012455,411621DG2,아이비케이연금보험 주식회사,무배당IBK세액공제연금저축보험_2007,영업점,2,연금저축보험(생명),20200701,667,201,금리연동형,-6.03,2.55,5년 이내 : 1.25% 5년 초과 10년 이내 : 1.00% 10년 초과 : 0.50%,,,,,,20201030,,202010281730
050000,202010,0010597,1000393,교보생명보험주식회사,연금저축교보First연금보험,영업점,2,연금저축보험(생명),20200401,1942,201,금리연동형,-6.09,2.2,5년 미만 연복리 1.25%5년 이상 10년 미만 연복리 1.00%10년 이상 연복리 0.5%,,,,,,20201030,,202010281800
050000,202010,0010593,1228130,한화생명보험주식회사,한화생명 연금저축 스마트하이드림연금보험,영업점,2,연금저축보험(생명),20200401,1134,201,금리연동형,-6.25,2.05,"가입후 10년이하 1.0%, 10년초과 0.5%",,,,"연금전환특약, 지정대리청구서비스특약",,20201030,,202010281800
050000,202010,0010622,9S3611DG2,동양생명보험주식회사,연금저축수호천사더블파워연금보험,모집인,2,연금저축보험(생명),20200101,846,201,금리연동형,-6.28,2.02,10년 이내 : 1.00%10년 초과 : 0.5%,,,,,동양생명,20201030,,202010271420
050000,202010,0010626,61629,메리츠화재해상보험주식회사,연금저축손해보험 노후생활지킴이보험2004,"영업점,모집인",3,연금저축보험(손해),20200401,884,201,금리연동형,-6.66,1.5,"경과기간 5년 이하 : 1.25%
 5년초과 15년이하 : 1.0%
 15년초과 : 0.3%",-6.66,,,,,20201029,,202010291200
050000,202010,0010636,30551,DB손해보험주식회사,연금저축손해보험 유배당 다이렉트 연금보험2004(CM),인터넷,3,연금저축보험(손해),20200401,49,201,금리연동형,-7.26,1.5,"가입후 경과기간 5년이하 : 125%
가입후 경과기간 5년초과 10년이하 : 1.00%
가입후 경과기간 10년초과 : 0.50%",,,,,,20201028,,202010282000
050000,202010,0010595,30072,삼성생명보험주식회사,삼성생명연금저축골드연금보험B2.8,영업점,2,연금저축보험(생명),20200401,1525,201,금리연동형,-7.3,2.01,"10년 이내 1.00%, 10년초과 0.50%",,,,,,20201030,,202010281030
050000,202010,0010597,1000649,교보생명보험주식회사,연금저축교보연금보험,모집인,2,연금저축보험(생명),20200413,1352,201,금리연동형,-7.35,2.2,5년 미만 연복리 1.25%5년 이상 10년 미만 연복리 1.00%10년 이상 연복리 0.5%,,,,,,20201030,,202010281800
050000,202010,0010634,102P,현대해상화재보험주식회사,연금저축손해보험 노후웰스보험(Hi2004),모집인,3,연금저축보험(손해),20200401,2240,201,금리연동형,-7.52,1.5,"가입후 경과기간 5년이하 1.25%
5년초과 10년이하 1.00%
10년초과 0.30%",,,,,,20201028,,202010281500
050000,202010,0012455,632221DG2,아이비케이연금보험 주식회사,무배당IBK세액공제받는연금저축보험_2007,모집인,2,연금저축보험(생명),20200701,147,201,금리연동형,-7.59,2.55,5년 이내 : 1.25% 5년 초과 10년 이내 : 1.00% 10년 초과 : 0.50%,,,,,,20201030,,202010281730
050000,202010,0010594,Y0021,에이비엘생명보험주식회사,연금저축 나이스플랜연금보험2004(60세),모집인,2,연금저축보험(생명),20200401,72,201,금리연동형,-7.62,2.05,10년이하연복리1.25%10년초과연복리0.50%,,,,,,20201030,,202010281800
050000,202010,0010593,1228129,한화생명보험주식회사,한화생명 연금저축 하이드림연금보험(1종),모집인,2,연금저축보험(생명),20200401,4857,201,금리연동형,-8.5,2.05,"가입후 10년이하 1.0%, 10년초과 0.5%",,,,"연금전환특약, 지정대리청구서비스특약, 단체취급특약",,20201030,,202010281800
050000,202010,0010595,30068,삼성생명보험주식회사,삼성생명연금저축골드연금보험2.6,모집인,2,연금저축보험(생명),20200401,3363,201,금리연동형,-9.6,2.01,"10년 이내 1.00%, 10년초과 0.50%",,,,,,20201030,,202010281030
050000,202010,0010599,L1141,신한라이프생명보험주식회사,(무)신한연금저축보험Premium,"영업점,인터넷,스마트폰,모집인",2,연금저축보험(생명),20200406,450,201,금리연동형,-15.36,2.38,10년이내:0.75% 10년초과:0.25%,,,,,,20201030,,202010281700
050000,202010,0010636,30242,DB손해보험주식회사,연금저축손해보험 스마트 연금보험2004,모집인,3,연금저축보험(손해),20200401,1205,201,금리연동형,-15.45,1.5,"가입후 경과기간 5년이하 : 125%
가입후 경과기간 5년초과 10년이하 : 1.00%
가입후 경과기간 10년초과 : 0.50%",,,,,,20201028,,202010282000
050000,202010,0010599,L1140,신한라이프생명보험주식회사,VIP참연금저축보험Ⅲ,"영업점,모집인",2,연금저축보험(생명),20200406,107,201,금리연동형,-25.54,2,10년이내:0.50% 10년초과:0.25%,,,,,,20201030,,202010281700
060000,202010,0011317,K55232C99568,엔에이치아문디자산운용주식회사,NH-Amundi 필승 코리아 증권투자신탁[주식] Class C-P1e(연금저축),영업점,4,연금저축펀드,20190814,6568946979,421,주식형,54.33,,,73.65,0.0,0.0,,"NH투자증권,미래에셋대우,한국투자증권,하나금융투자,기업은행,신한금융투자,우리은행,KB증권,유안타증권,키움증권,광주은행,대신증권,한화투자증권,하이투자증권,교보증권,유진투자증권,DB금융투자",20201001,,202007311500
060000,202010,0011972,K55365BC8353,케이씨지아이자산운용 주식회사,메리츠차이나증권투자신탁[주식]종류C-Pe,영업점,4,연금저축펀드,20161223,15178521247,421,주식형,34.99,,,33.0,-20.69,29.87,,"메리츠자산운용,한국투자증권,하나금융투자,키움증권,NH투자증권,신한금융투자,KB증권,유안타증권,대신증권,메리츠증권,DB금융투자",20201001,,202010141446
060000,202010,0010205,K55301BV2863,미래에셋자산운용,미래에셋차이나업종대표연금증권전환형자투자신탁1호(주식)종류C-e,"영업점,인터넷,스마트폰,모집인,전화(텔레뱅킹)",4,연금저축펀드,,11000000000,421,주식형,34.12,,,29.56,-32.34,34.65,,"미래에셋대우,삼성증권,하나금융투자,한국포스증권,한화투자증권,키움증권,유안타증권,메리츠증권,현대차증권주식회사,하이투자증권,아이비케이투자증권,에스케이증권",20201001,,202010151059
060000,202010,0011972,K55365BC8338,케이씨지아이자산운용 주식회사,메리츠차이나증권투자신탁[주식]종류S-P,영업점,4,연금저축펀드,20160502,5823240223,421,주식형,33.93,,,33.98,-19.65,29.13,,한국포스증권,20201001,,202010141505
060000,202010,0010205,K55301BX0477,미래에셋자산운용,미래에셋차이나그로스증권자투자신탁1호(주식)종류C-Pe,"영업점,인터넷,스마트폰,모집인,전화(텔레뱅킹)",4,연금저축펀드,,18643868056,421,주식형,33.87,,,35.99,-32.33,40.46,,"미래에셋대우,삼성증권,한국포스증권,국민은행,NH투자증권,하나금융투자,한국투자증권,신한금융투자,키움증권,한화투자증권,KB증권,DB금융투자,교보증권,이베스트투자증권,현대차증권주식회사",20201001,,202010151101
060000,202010,0010205,K55301BX0436,미래에셋자산운용,미래에셋차이나그로스증권자투자신탁1호(주식)종류C-P,"영업점,인터넷,스마트폰,모집인,전화(텔레뱅킹)",4,연금저축펀드,,26728767898,421,주식형,33.17,,,35.36,-32.67,39.84,,"미래에셋대우,국민은행,삼성증권,NH투자증권,하나금융투자,DB금융투자,한화투자증권,한국투자증권,신한금융투자,KB증권,현대차증권주식회사,교보증권",20201001,,202010151107
060000,202010,0010205,K55301BL5538,미래에셋자산운용,미래에셋G2이노베이터증권자투자신탁(주식)종류C-Pe,"영업점,인터넷,스마트폰,모집인,전화(텔레뱅킹)",4,연금저축펀드,,13296905514,421,주식형,27.89,,,8.34,-14.58,45.09,,"미래에셋대우,한국포스증권,한국투자증권,하나금융투자,신한은행,NH투자증권,신한금융투자,키움증권,KB증권,유안타증권,대신증권,하이투자증권,현대차증권주식회사,한화투자증권,유진투자증권,에스케이증권,DB금융투자,이베스트투자증권,아이비케이투자증권,전북은행",20201001,,202010151101
060000,202010,0011458,K55235B40054,피델리티자산운용,피델리티글로벌테크놀로지증권자투자신탁(주식-재간접형)종류S-PRS,영업점,4,연금저축펀드,20150626,10233700346,461,재간접형,27.68,,,40.47,-5.55,30.74,,한국포스증권,20201001,,202010051152
060000,202010,0011458,K55235B40039,피델리티자산운용,피델리티글로벌테크놀로지증권자투자신탁(주식-재간접형)종류PRS-e,인터넷,4,연금저축펀드,20150715,32568830938,461,재간접형,27.41,,,40.28,-5.71,30.57,,"미래에셋대우,KEB하나은행(구.하나은행),삼성증권,한국투자증권,NH투자증권,국민은행,키움증권,신한금융투자,하나금융투자,우리은행,신한은행,KB증권,유안타증권,대신증권,한화투자증권,현대차증권주식회사,하이투자증권,NH농협은행,에스케이증권,아이비케이투자증권",20201001,,202010051147
060000,202010,0010205,K55301BL5520,미래에셋자산운용,미래에셋G2이노베이터증권자투자신탁(주식)종류C-P,"영업점,인터넷,스마트폰,모집인,전화(텔레뱅킹)",4,연금저축펀드,,30182991792,421,주식형,27.19,,,7.84,-15.0,44.45,,"미래에셋대우,하나금융투자,한국투자증권,NH투자증권,신한금융투자,신한은행,하이투자증권,에스케이증권,유안타증권,현대차증권주식회사,DB금융투자,신영증권,KB증권,교보증권,한화투자증권,대신증권",20201001,,202010151101
060000,202010,0011458,K55235B40021,피델리티자산운용,피델리티글로벌테크놀로지증권자투자신탁(주식-재간접형)종류PRS,영업점,4,연금저축펀드,20160427,42267189188,461,재간접형,25.33,,,39.65,-6.59,29.93,,"한국투자증권,미래에셋대우,국민은행,KEB하나은행(구.하나은행),NH투자증권,하나금융투자,삼성증권,신영증권,신한금융투자,대신증권,한화투자증권,우리은행,신한은행,현대차증권주식회사,KB증권,유안타증권,하이투자증권,에스케이증권,NH농협은행,아이비케이투자증권,삼성생명보험",20201001,,202010051147
060000,202010,0010210,K55306BT9511,다올자산운용 주식회사,KTB글로벌4차산업1등주증권투자신탁[주식] 종류C-Pe,"영업점,인터넷,스마트폰,모집인,전화(텔레뱅킹)",4,연금저축펀드,20170817,8907834491,421,주식형,23.99,,,23.13,-20.35,0.0,,"KEB하나은행(구.하나은행),한국포스증권,한국투자증권,기업은행,유안타증권,우리은행,대신증권,하나금융투자,키움증권,KB증권,에스케이증권,한화투자증권,메리츠증권,아이비케이투자증권,유진투자증권",20201001,,202009291304
060000,202010,0011999,KR5370AQ0004,얼라이언스번스틴자산운용,AB미국그로스증권투자신탁(주식-재간접형)종류형Sp,"영업점,인터넷,스마트폰,모집인,전화(텔레뱅킹)",4,연금저축펀드,20100329,18471278733,461,재간접형,22.96,,,32.63,-2.67,27.87,,한국포스증권,20201001,,202010051340
060000,202010,0010210,K55306BO8740,다올자산운용 주식회사,KTB글로벌4차산업1등주증권투자신탁[주식] 종류C-P,"영업점,인터넷,스마트폰,모집인,전화(텔레뱅킹)",4,연금저축펀드,20170518,12431483722,421,주식형,22.88,,,22.85,-18.48,0.0,,"KEB하나은행(구.하나은행),하나금융투자,한국투자증권,한화투자증권,대신증권,우리은행,메리츠증권,기업은행,교보증권,유진투자증권,유안타증권,신영증권,에스케이증권,KB증권",20201001,,202009291304
060000,202010,0011999,KR5370AH3918,얼라이언스번스틴자산운용,AB미국그로스증권투자신탁(주식-재간접형)종류형C-P,"영업점,인터넷,스마트폰,모집인,전화(텔레뱅킹)",4,연금저축펀드,20100329,43610914350,461,재간접형,22.69,,,31.95,-3.02,27.2,,"미래에셋대우,한국투자증권,NH투자증권,삼성증권,KEB하나은행(구.하나은행),국민은행,신한은행,우리은행,하나금융투자,신한금융투자,신영증권,DB금융투자,KB증권,한화투자증권,에스케이증권,대신증권,유안타증권,키움증권,하이투자증권,NH농협은행,현대차증권주식회사,아이비케이투자증권,미래에셋생명보험,유진투자증권",20201001,,202010051340
060000,202010,0011999,K55370BU1755,얼라이언스번스틴자산운용,AB미국그로스증권투자신탁(주식-재간접형)종류형Ce-P,"영업점,인터넷,스마트폰,모집인,전화(텔레뱅킹)",4,연금저축펀드,20100329,38910821690,461,재간접형,22.32,,,30.66,-8.5,27.34,,"미래에셋대우,삼성증권,국민은행,NH투자증권,KEB하나은행(구.하나은행),신한은행,한국투자증권,신한금융투자,키움증권,KB증권,하나금융투자,유안타증권,우리은행,대신증권,한화투자증권,NH농협은행,DB금융투자,현대차증권주식회사,하이투자증권,에스케이증권,유진투자증권,아이비케이투자증권",20201001,,202010051340
060000,202010,0010210,K55306BT9453,다올자산운용 주식회사,KTB중국1등주증권자투자신탁[주식]종류C-Pe,"영업점,인터넷,스마트폰,모집인,전화(텔레뱅킹)",4,연금저축펀드,20170814,10068593410,421,주식형,21.47,,,30.77,-25.73,0.0,,"하나금융투자,KEB하나은행(구.하나은행),NH투자증권,미래에셋대우,한국포스증권,한국투자증권,키움증권,대신증권,유안타증권,신한금융투자,한화투자증권,현대차증권주식회사,이베스트투자증권,교보증권",20201001,,202009291113
060000,202010,0010210,KR5306AN4776,다올자산운용 주식회사,KTB중국1등주증권자투자신탁[주식]종류C-P,"영업점,인터넷,스마트폰,모집인,전화(텔레뱅킹)",4,연금저축펀드,20140106,43135307432,421,주식형,20.97,,,32.45,-20.86,69.38,,"하나금융투자,한국투자증권,KEB하나은행(구.하나은행),NH투자증권,유진투자증권,미래에셋대우,한화투자증권,신한금융투자,대신증권,DB금융투자,한국포스증권,신영증권,유안타증권,키움증권,교보증권",20201001,,202010131020
060000,202010,0010205,K55301BV2848,미래에셋자산운용,미래에셋차이나업종대표연금증권전환형자투자신탁1호(주식)종류C,"영업점,인터넷,스마트폰,모집인,전화(텔레뱅킹)",4,연금저축펀드,,26610681507,421,주식형,20.1,,,32.97,-25.53,54.75,,"미래에셋대우,삼성증권,미래에셋생명보험,NH농협은행,하나금융투자,DB금융투자,유안타증권,대신증권,하이투자증권,한화투자증권,키움증권,메리츠증권,에스케이증권,교보증권,현대차증권주식회사,KB증권,한국포스증권,아이비케이투자증권,이베스트투자증권",20201001,,202010151101
060000,202010,0011956,KR5364AH9434,에셋플러스자산운용,에셋플러스 차이나리치투게더 연금증권자투자신탁1호[주식] 종류Ce,영업점,4,연금저축펀드,20131106,10397864931,421,주식형,19.62,,,26.97,-19.19,45.54,,"미래에셋대우,NH투자증권,한국투자증권,하나금융투자,KEB하나은행(구.하나은행),신한금융투자,키움증권,유안타증권,대신증권,KB증권,광주은행,한화투자증권,현대차증권주식회사,교보증권,하이투자증권,DB금융투자,에스케이증권",20201001,,202008031315
060000,202010,0010205,KR5301AY3069,미래에셋자산운용,미래에셋연금글로벌그로스증권자투자신탁1호(주식)종류C-e,"영업점,인터넷,스마트폰,모집인,전화(텔레뱅킹)",4,연금저축펀드,,7374202380,421,주식형,19.18,,,22.76,-11.72,33.39,,"미래에셋대우,신한금융투자,KEB하나은행(구.하나은행),한국투자증권,한국포스증권,NH투자증권,키움증권,유안타증권,하나금융투자,한화투자증권,이베스트투자증권",20201001,,202010151105
060000,202010,0010205,K55301B95215,미래에셋자산운용,미래에셋아시아그레이트컨슈머증권자투자신탁1호(주식-재간접형)종류C-Pe,"영업점,인터넷,스마트폰,모집인,전화(텔레뱅킹)",4,연금저축펀드,,7090722786,461,재간접형,18.95,,,33.14,-15.37,33.93,,"미래에셋대우,KEB하나은행(구.하나은행),한국포스증권,NH투자증권,하나금융투자,키움증권,유안타증권,신한금융투자,한국투자증권,DB금융투자,교보증권,현대차증권주식회사,한화투자증권",20201001,,202010151059
060000,202010,0010660,K55101BX0164,한국투자신탁운용,한국투자글로벌전기차&배터리증권투자신탁(주식)(C-Pe),영업점,4,연금저축펀드,20171106,15338806012,421,주식형,18.89,,,4.06,-28.67,2.27,,"KEB하나은행(구.하나은행),한국투자증권,국민은행,신한금융투자,KB증권,키움증권,유안타증권,하나금융투자,한화투자증권,대신증권,메리츠증권,미래에셋대우,현대차증권주식회사,하이투자증권,아이비케이투자증권",20201001,,202009251040
060000,202010,0011956,KR5364AH9426,에셋플러스자산운용,에셋플러스 차이나리치투게더 연금증권자투자신탁1호[주식] 종류C,영업점,4,연금저축펀드,20130521,39865682669,421,주식형,18.68,,,26.43,-19.47,44.95,,"NH투자증권,하나금융투자,미래에셋대우,한국투자증권,KEB하나은행(구.하나은행),한화투자증권,신한금융투자,에스케이증권,하이투자증권,대신증권,유안타증권,신영증권,교보증권,KB증권,미래에셋생명보험,광주은행,DB금융투자,현대차증권주식회사",20201001,,202008031315
060000,202010,0010173,K55105BF5443,삼성자산운용,삼성픽테로보틱스증권자투자신탁H[주식-재간접형]_C-P,"영업점,인터넷,스마트폰,모집인",4,연금저축펀드,20160818,7254019743,461,재간접형,18.63,,,32.77,-12.53,34.02,,"삼성증권,한국투자증권,국민은행,미래에셋대우,하나금융투자,NH투자증권,현대차증권주식회사,광주은행,유안타증권,한화투자증권,키움증권,한국포스증권,하이투자증권,교보증권,KB증권,신한금융투자",20201001,,202010071621
060000,202010,0011956,KR5364AQ2131,에셋플러스자산운용,에셋플러스 글로벌리치투게더 연금증권자투자신탁1호[주식] 종류S-P,영업점,4,연금저축펀드,20140428,7847533374,421,주식형,18.62,,,30.19,-8.48,24.8,,한국포스증권,20201001,,202008031315
060000,202010,0011956,KR5364AH9467,에셋플러스자산운용,에셋플러스 글로벌리치투게더 연금증권자투자신탁1호[주식] 종류Ce,영업점,4,연금저축펀드,20130722,23296445121,421,주식형,18.51,,,30.06,-8.43,24.62,,"KEB하나은행(구.하나은행),미래에셋대우,삼성증권,NH투자증권,한국투자증권,하나금융투자,키움증권,신한금융투자,KB증권,유안타증권,한화투자증권,대신증권,에스케이증권,DB금융투자,하이투자증권,메리츠증권,교보증권,현대차증권주식회사,우리은행,이베스트투자증권",20201001,,202008031315
060000,202010,0010205,KR5301AY3051,미래에셋자산운용,미래에셋연금글로벌그로스증권자투자신탁1호(주식)종류C,"영업점,인터넷,스마트폰,모집인,전화(텔레뱅킹)",4,연금저축펀드,,20417359205,421,주식형,18.38,,,22.19,-12.16,32.77,,"미래에셋대우,KEB하나은행(구.하나은행),한화투자증권,한국투자증권,NH투자증권,유안타증권,하나금융투자",20201001,,202010051433
060000,202010,0010205,K55301B47299,미래에셋자산운용,미래에셋연금한국헬스케어증권자투자신탁1호(주식)종류C-Pe,"영업점,인터넷,스마트폰,모집인,전화(텔레뱅킹)",4,연금저축펀드,,23374986350,421,주식형,18.28,,,-11.6,-9.59,74.76,,"미래에셋대우,한국투자증권,KEB하나은행(구.하나은행),NH투자증권,하나금융투자,한국포스증권,신한금융투자,유안타증권,키움증권,대신증권,KB증권,하이투자증권,한화투자증권,현대차증권주식회사,메리츠증권,교보증권,이베스트투자증권,삼성증권",20201001,,202010151059
060000,202010,0011956,KR5364AH9459,에셋플러스자산운용,에셋플러스 글로벌리치투게더 연금증권자투자신탁1호[주식] 종류C,영업점,4,연금저축펀드,20130521,73438789446,421,주식형,17.76,,,29.47,-8.84,24.05,,"KEB하나은행(구.하나은행),한국투자증권,하나금융투자,NH투자증권,미래에셋대우,신영증권,한화투자증권,에스케이증권,신한금융투자,삼성증권,교보증권,유안타증권,KB증권,DB금융투자,미래에셋생명보험,하이투자증권,대신증권,메리츠증권,현대차증권주식회사,유진투자증권,우리은행",20201001,,202008031256
060000,202010,0010205,K55301B47281,미래에셋자산운용,미래에셋연금한국헬스케어증권자투자신탁1호(주식)종류C-P,"영업점,인터넷,스마트폰,모집인,전화(텔레뱅킹)",4,연금저축펀드,,6734049996,421,주식형,17.57,,,-12.01,-10.03,74.04,,"미래에셋대우,한국투자증권,하나금융투자,하이투자증권,NH투자증권,신한금융투자,유안타증권,KB증권,KEB하나은행(구.하나은행),대신증권,교보증권,한화투자증권,현대차증권주식회사,메리츠증권",20201001,,202010161723
060000,202010,0011458,KR5235A52479,피델리티자산운용,피델리티연금아시아증권전환형자투자신탁(주식)종류C,영업점,4,연금저축펀드,20120604,14437647035,421,주식형,15.96,,,30.83,-9.52,33.45,,"국민은행,KEB하나은행(구.하나은행),한국투자증권,하나금융투자,삼성증권,우리은행,NH투자증권,미래에셋대우,신한금융투자,교보증권,KB증권,대신증권,유안타증권,한화투자증권",20201001,,202010081438
060000,202010,0010214,KR5303AS6142,마이다스에셋자산운용,마이다스 미소 중소형주 증권 자투자신탁(주식) C-P,"영업점,인터넷,스마트폰,모집인,전화(텔레뱅킹)",4,연금저축펀드,20140617,7106236673,421,주식형,15.35,,,12.72,-18.39,30.68,연금 종류형 펀드로써 월수령액은 ClassC1보수율적용,"하나금융투자,NH투자증권,미래에셋대우,한국투자증권,국민은행,KB증권,대신증권,삼성증권,유안타증권,메리츠증권",20201001,,202010191428
060000,202010,0010660,K55101BD5175,한국투자신탁운용,한국투자웰링턴글로벌퀄리티증권자투자신탁H(주식)(C-P),영업점,4,연금저축펀드,20160520,13573793621,421,주식형,15.3,,,27.28,-6.14,20.09,,"한국투자증권,KEB하나은행(구.하나은행),국민은행,하나금융투자,KB증권,미래에셋대우",20201001,,202010051005
060000,202010,0010211,K55307BC6978,유리자산운용,유리글로벌거래소연금저축증권자투자신탁[주식]_C/C,"영업점,인터넷,스마트폰,모집인,전화(텔레뱅킹)",4,연금저축펀드,20161012,7562746739,421,주식형,15.22,,,25.28,1.79,13.61,,"국민은행,NH투자증권,한국투자증권,하나금융투자,삼성증권,미래에셋대우,DB금융투자,신영증권,에스케이증권,대신증권,교보증권,KB증권,한화투자증권",20201001,,202010261015
060000,202010,0010205,KR5301AL2801,미래에셋자산운용,미래에셋아시아그레이트컨슈머증권자투자신탁1호(주식-재간접형)종류C-p,"영업점,인터넷,스마트폰,모집인,전화(텔레뱅킹)",4,연금저축펀드,,61830597487,461,재간접형,15.14,,,33.32,-15.23,33.78,,"미래에셋대우,하나금융투자,한국투자증권,NH투자증권,우리은행,미래에셋생명보험,KEB하나은행(구.하나은행),유안타증권,신한금융투자,한국포스증권,한화투자증권,DB금융투자,하이투자증권,NH농협은행,키움증권,대신증권,현대차증권주식회사,교보증권,KB증권,이베스트투자증권",20201001,,202010190914
060000,202010,0011458,KR5235AK9683,피델리티자산운용,피델리티유럽증권자투자신탁PRS(주식-재간접형),영업점,4,연금저축펀드,20130911,7001755371,461,재간접형,14.78,,,37.23,-5.41,17.13,,"하나금융투자,미래에셋대우,한국투자증권,NH투자증권,신한금융투자,DB금융투자,KEB하나은행(구.하나은행),삼성증권,유안타증권,KB증권,신영증권,국민은행,우리은행,하이투자증권,한화투자증권",20201001,,202010051152
060000,202010,0010205,KR5301AT1938,미래에셋자산운용,미래에셋글로벌그레이트컨슈머연금증권전환형자투자신탁1호(주식)종류C-e,"영업점,인터넷,스마트폰,모집인,전화(텔레뱅킹)",4,연금저축펀드,,21064511467,421,주식형,14.33,,,24.85,-8.65,21.04,,"미래에셋대우,삼성증권,KEB하나은행(구.하나은행),신한은행,국민은행,기업은행,NH투자증권,한국투자증권,유안타증권,KB증권,신한금융투자,키움증권,한화투자증권,광주은행,현대차증권주식회사,대신증권,교보증권,하이투자증권,이베스트투자증권,아이비케이투자증권",20201001,,202010151059
060000,202010,0010182,K55206C22184,키움투자자산운용,키움글로벌5G차세대네트워크증권자투자신탁(H)[주식] Class C-Pe,인터넷,4,연금저축펀드,20180222,6882267833,421,주식형,14.2,,,25.88,10.47,0.0,,"미래에셋대우,삼성증권,KEB하나은행(구.하나은행),우리은행,국민은행,한국투자증권,NH투자증권,한국포스증권,하나금융투자,기업은행,현대차증권주식회사,키움증권,KB증권,신한금융투자,한화투자증권,유안타증권,메리츠증권,DB금융투자,교보증권,하이투자증권,에스케이증권",20201001,,202010050909
060000,202010,0010192,KR5216AY0341,DB자산운용주식회사,DB차이나본토증권자투자신탁(H)[주식]ClassC-P,"영업점,인터넷,스마트폰,모집인,전화(텔레뱅킹)",4,연금저축펀드,20141201,24673146861,421,주식형,14.05,,,41.87,-25.4,30.75,,"미래에셋대우,신한금융투자,하나금융투자,한국투자증권,NH투자증권,미래에셋생명보험,한국포스증권,DB금융투자,KB증권,키움증권,아이비케이투자증권,교보증권,이베스트투자증권",20201001,,202010262103
060000,202010,0010182,K55206C22176,키움투자자산운용,키움글로벌5G차세대네트워크증권자투자신탁(H)[주식] Class C-P,영업점,4,연금저축펀드,20180223,6398027084,421,주식형,14.03,,,25.51,10.13,0.0,,"미래에셋대우,한국투자증권,국민은행,삼성증권,한화투자증권,KEB하나은행(구.하나은행),KB증권,NH투자증권,우리은행,하나금융투자,하이투자증권,메리츠증권,DB금융투자,기업은행,현대차증권주식회사",20201001,,202010050917
060000,202010,0010192,K55216B12160,DB자산운용주식회사,DB차이나본토RQFII증권자투자신탁(H)[주식]ClassC-P,"영업점,인터넷,스마트폰,모집인,전화(텔레뱅킹)",4,연금저축펀드,20150402,11701919936,421,주식형,14.01,,,40.05,-25.15,30.81,,"미래에셋대우,한국투자증권,KEB하나은행(구.하나은행),신한금융투자,우리은행,KB증권,광주은행,키움증권,DB금융투자",20201001,,202010262103
060000,202010,0010205,KR5301AT1920,미래에셋자산운용,미래에셋글로벌그레이트컨슈머연금증권전환형자투자신탁1호(주식)종류C,"영업점,인터넷,스마트폰,모집인,전화(텔레뱅킹)",4,연금저축펀드,,232000000000,421,주식형,13.81,,,24.63,-8.32,20.69,,"미래에셋대우,하나금융투자,미래에셋생명보험,삼성증권,한국투자증권,우리은행,KEB하나은행(구.하나은행),신한은행,국민은행,NH투자증권,NH농협은행,한화투자증권,에스케이증권,광주은행,DB금융투자,신한금융투자,대신증권,유안타증권,기업은행,KB증권,아이비케이투자증권,신영증권,키움증권,현대차증권주식회사,메리츠증권,교보증권,이베스트투자증권,하이투자증권",20201001,,202010151101
060000,202010,0010204,KR5229AZ5500,이스트스프링자산운용코리아,이스트스프링차이나드래곤AShare증권자투자신탁(UH)[주식]클래스C-P2(연금저축),영업점,4,연금저축펀드,20150318,5551648127,421,주식형,13.26,,,35.98,-23.03,6.15,,"삼성증권,미래에셋대우,한국투자증권,신영증권,하나금융투자,NH투자증권,신한금융투자,한국포스증권,대신증권,KB증권,유안타증권,한화투자증권,키움증권",20201001,,202009291747
060000,202010,0010205,KR5301AY9801,미래에셋자산운용,미래에셋연금글로벌헬스케어증권자투자신탁1호(주식)종류C-e,"영업점,인터넷,스마트폰,모집인,전화(텔레뱅킹)",4,연금저축펀드,,6050198839,421,주식형,12.46,,,23.46,-6.04,17.89,,"미래에셋대우,한국투자증권,하나금융투자,신한금융투자,한국포스증권,KB증권,광주은행,키움증권,현대차증권주식회사,이베스트투자증권,아이비케이투자증권,에스케이증권,한화투자증권",20201001,,202010151101
060000,202010,0011458,KR5235A52503,피델리티자산운용,피델리티연금미국증권전환형자투자신탁(주식-재간접형)종류C,영업점,4,연금저축펀드,20110808,12656179996,461,재간접형,12.34,,,31.0,-7.9,18.65,,"삼성증권,한국투자증권,미래에셋대우,KEB하나은행(구.하나은행),하나금융투자,우리은행,유안타증권,신한금융투자,현대차증권주식회사,NH투자증권,대신증권,한화투자증권,국민은행,삼성생명보험,에스케이증권,교보증권,KB증권,키움증권",20201001,,202010051147
060000,202010,0011458,KR5235AK9774,피델리티자산운용,피델리티차이나컨슈머증권자투자신탁(주식-재간접형)종류PRS-e,인터넷,4,연금저축펀드,20131202,5294106952,461,재간접형,11.95,,,21.77,-21.36,48.27,,"미래에셋대우,삼성증권,KEB하나은행(구.하나은행),한국투자증권,국민은행,NH투자증권,하나금융투자,신한금융투자,키움증권,우리은행,KB증권,유안타증권,대신증권,한화투자증권,DB금융투자",20201001,,202010051150
060000,202010,0010205,KR5301AY9793,미래에셋자산운용,미래에셋연금글로벌헬스케어증권자투자신탁1호(주식)종류C,"영업점,인터넷,스마트폰,모집인,전화(텔레뱅킹)",4,연금저축펀드,,6709988107,421,주식형,11.8,,,22.89,-6.51,17.34,,"미래에셋대우,하나금융투자,한국투자증권,신한금융투자,미래에셋생명보험,한화투자증권,아이비케이투자증권,에스케이증권,KB증권",20201001,,202010151059
060000,202010,0010173,KR5105AW5916,삼성자산운용,삼성누버거버먼차이나증권자투자신탁H[주식-재간접형]_C-P,"영업점,인터넷,스마트폰,모집인",4,연금저축펀드,20141024,36451970415,461,재간접형,11.62,,,29.64,-20.88,56.62,,"삼성증권,미래에셋대우,NH투자증권,한국투자증권,우리은행,한화투자증권,하나금융투자,현대차증권주식회사,KB증권,DB금융투자,유안타증권,대신증권",20201001,,202010161425
060000,202010,0010205,KR5301AL4401,미래에셋자산운용,미래에셋가치주포커스연금저축증권전환형자투자신탁1호(주식)종류C-e,"영업점,인터넷,스마트폰,모집인,전화(텔레뱅킹)",4,연금저축펀드,,6235004815,421,주식형,11.46,,,6.03,-17.94,26.95,,"미래에셋대우,KEB하나은행(구.하나은행),한국투자증권,하나금융투자,신한금융투자,유안타증권,키움증권,대신증권,한화투자증권,하이투자증권,에스케이증권,DB금융투자",20201001,,202010151103
060000,202010,0011458,KR5235AK9766,피델리티자산운용,피델리티차이나컨슈머증권자투자신탁(주식-재간접형)종류PRS,영업점,4,연금저축펀드,20130925,23370502531,461,재간접형,11.42,,,21.44,-21.57,47.88,,"미래에셋대우,한국투자증권,국민은행,하나금융투자,KEB하나은행(구.하나은행),삼성증권,NH투자증권,신한금융투자,KB증권,한화투자증권,신영증권,우리은행,DB금융투자,대신증권,교보증권,에스케이증권,유안타증권",20201001,,202010161545
060000,202010,0010205,KR5301AL4393,미래에셋자산운용,미래에셋가치주포커스연금저축증권전환형자투자신탁1호(주식)종류C,"영업점,인터넷,스마트폰,모집인,전화(텔레뱅킹)",4,연금저축펀드,,14156602479,421,주식형,10.89,,,5.5,-18.29,26.23,,"미래에셋대우,한국투자증권,미래에셋생명보험,하나금융투자,신한금융투자,KEB하나은행(구.하나은행),에스케이증권,교보증권,하이투자증권,대신증권,DB금융투자,아이비케이투자증권,유안타증권,한화투자증권",20201001,,202010151105
060000,202010,0010204,KR5229AZ5492,이스트스프링자산운용코리아,이스트스프링차이나드래곤AShare증권자투자신탁(H)[주식]클래스C-P2(연금저축),영업점,4,연금저축펀드,20150213,6331716347,421,주식형,10.84,,,31.94,-25.7,14.39,,"미래에셋대우,삼성증권,한국투자증권,신한금융투자,하나금융투자,NH투자증권,KB증권,대신증권,에스케이증권,우리은행,신영증권,유안타증권,한국포스증권,삼성생명보험,현대차증권주식회사",20201001,,202010211445
060000,202010,0011972,K55365B94908,케이씨지아이자산운용 주식회사,메리츠글로벌헬스케어증권투자신탁[주식]종류C-Pe,영업점,4,연금저축펀드,20160104,11588575709,421,주식형,10.79,,,23.39,-8.46,1.95,,"메리츠자산운용,미래에셋대우,NH투자증권,하나금융투자,우리은행,유안타증권,키움증권,한국투자증권,신한금융투자,KB증권,메리츠증권,하이투자증권,현대차증권주식회사,대신증권,교보증권,DB금융투자",20201001,,202010141448
060000,202010,0010205,K55301BF7334,미래에셋자산운용,미래에셋글로벌솔루션증권자투자신탁(주식-재간접형)종류C-P,"영업점,인터넷,스마트폰,모집인,전화(텔레뱅킹)",4,연금저축펀드,,44009642205,461,재간접형,10.67,,,26.65,-15.52,16.95,,"미래에셋대우,한국투자증권,NH투자증권,하나금융투자,유안타증권,에스케이증권,DB금융투자,삼성생명보험,기업은행,아이비케이투자증권",20201001,,202010151101
060000,202010,0010173,K55105BH0921,삼성자산운용,삼성클래식차이나연금증권전환형자투자신탁 제1호[주식]_C,"영업점,인터넷,스마트폰,모집인",4,연금저축펀드,20160825,5985360612,421,주식형,10.52,,,19.31,-15.56,37.64,,"삼성증권,신한은행,삼성생명보험,한국투자증권,미래에셋대우,신한금융투자,유안타증권,하나금융투자,키움증권,현대차증권주식회사,대신증권,NH투자증권,메리츠증권,KB증권,아이비케이투자증권,미래에셋생명보험,DB금융투자,한국포스증권",20201001,,202010071621
060000,202010,0010209,K55305CY9548,유경PSG자산운용,유경 플레인바닐라 글로벌자산배분 증권자투자신탁(주식) Class S-P,영업점,4,연금저축펀드,20191209,7034726352,421,주식형,10.51,,,0.0,0.0,0.0,,한국포스증권,20201001,,202010211327
060000,202010,0010198,KR5223AW2316,KB자산운용,KB 연금 중국본토 A주 증권 자투자신탁(주식) C-E 클래스,"영업점,인터넷,스마트폰,모집인,전화(텔레뱅킹)",4,연금저축펀드,20141014,9417945957,421,주식형,10.34,,,-100.0,-26.15,33.21,,"NH투자증권,미래에셋대우,한국투자증권,하나금융투자,신한금융투자,삼성증권,KB증권,대신증권,한화투자증권,키움증권,현대차증권주식회사,유안타증권,유진투자증권,전북은행",20201001,,202010060941
060000,202010,0010205,K55301BV2822,미래에셋자산운용,미래에셋BRICs업종대표연금증권전환형자투자신탁1호(주식) 종류C,"영업점,인터넷,스마트폰,모집인,전화(텔레뱅킹)",4,연금저축펀드,,5889937210,421,주식형,10.21,,,33.44,-13.68,31.31,,"미래에셋대우,미래에셋생명보험,하나금융투자,삼성증권,NH농협은행,메리츠증권,키움증권,하이투자증권,유안타증권,KB증권,DB금융투자,대신증권,에스케이증권,교보증권,한국포스증권,현대차증권주식회사,한화투자증권",20201001,,202010151107
060000,202010,0011972,K55365C43739,케이씨지아이자산운용 주식회사,메리츠샐러리맨증권자투자신탁[주식-재간접형]종류C-Pe,영업점,4,연금저축펀드,20180328,27137878408,461,재간접형,10.03,,,16.41,-21.74,0.0,,"메리츠자산운용,한국포스증권,기업은행,메리츠증권",20201001,,202010141446
060000,202010,0010175,KR5107AH3967,우리자산운용 주식회사,우리중소형고배당증권자투자신탁1호(주식)ClassC-P1,영업점,4,연금저축펀드,20130412,6448759751,421,주식형,9.63,,,49.07,-22.54,13.84,,"미래에셋대우,한국투자증권,신한금융투자,기업은행,NH투자증권,유안타증권,하나금융투자,KEB하나은행(구.하나은행),DB금융투자,한국포스증권,하이투자증권,대신증권,에스케이증권,신영증권,교보증권,키움증권",20201001,,202010051648
060000,202010,0010198,KR5223AW2308,KB자산운용,KB 연금 중국본토 A주 증권 자투자신탁(주식) C 클래스,"영업점,인터넷,스마트폰,모집인,전화(텔레뱅킹)",4,연금저축펀드,20141014,60584624717,421,주식형,9.63,,,-100.0,-26.52,32.6,,"한국투자증권,NH투자증권,미래에셋대우,하나금융투자,신영증권,한화투자증권,대신증권,신한금융투자,KB증권,유진투자증권,삼성증권,에스케이증권,현대차증권주식회사,유안타증권,아이비케이투자증권,케이티비투자증권,이베스트투자증권,전북은행",20201001,,202010060941
060000,202010,0010205,K55301BM7574,미래에셋자산운용,미래에셋전략배분TDF2045혼합자산자투자신탁 종류C-Pe,"영업점,인터넷,스마트폰,모집인,전화(텔레뱅킹)",4,연금저축펀드,,11759106725,491,혼합자산,9.48,,,21.19,-12.55,14.68,,"미래에셋대우,KEB하나은행(구.하나은행),NH투자증권,한국투자증권,한국포스증권,국민은행,우리은행,신한금융투자,신한은행,하나금융투자,대신증권,KB증권,기업은행,DB금융투자,전북은행,이베스트투자증권,한화투자증권,에스케이증권,키움증권,현대차증권주식회사,교보증권",20201001,,202010151101
060000,202010,0010205,K55301BM7558,미래에셋자산운용,미래에셋전략배분TDF2045혼합자산자투자신탁 종류C-P,"영업점,인터넷,스마트폰,모집인,전화(텔레뱅킹)",4,연금저축펀드,,30784352072,491,혼합자산,9.0,,,20.72,-12.91,14.23,,"미래에셋대우,국민은행,KEB하나은행(구.하나은행),한국투자증권,NH투자증권,하나금융투자,신한금융투자,현대차증권주식회사,DB금융투자,우리은행,KB증권,에스케이증권,이베스트투자증권,신한은행,한화투자증권,대신증권,기업은행",20201001,,202010151101
060000,202010,0010205,KR5301AZ1872,미래에셋자산운용,미래에셋연금중국본토증권자투자신탁1호(주식-재간접형)종류C,"영업점,인터넷,스마트폰,모집인,전화(텔레뱅킹)",4,연금저축펀드,,6634608927,461,재간접형,8.71,,,32.44,-29.02,32.66,,미래에셋대우,20201001,,202010151107
060000,202010,0010205,K55301BM7442,미래에셋자산운용,미래에셋전략배분TDF2040혼합자산자투자신탁 종류C-P,"영업점,인터넷,스마트폰,모집인,전화(텔레뱅킹)",4,연금저축펀드,,10628664751,491,혼합자산,8.71,,,20.39,-12.29,13.82,,"미래에셋대우,KEB하나은행(구.하나은행),국민은행,신한은행,한국투자증권,우리은행,NH투자증권,신한금융투자,KB증권,DB금융투자,에스케이증권,하나금융투자,교보증권,대신증권",20201001,,202010151107
060000,202010,0011459,K55234CJ0955,아이비케이자산운용,IBK 플레인바닐라 EMP 증권투자신탁[혼합-재간접형] 종류 S-P,영업점,4,연금저축펀드,20190114,12099983948,461,재간접형,8.71,,,16.79,0.0,0.0,,한국포스증권,20201001,,202009291452
060000,202010,0011459,K55234CJ0971,아이비케이자산운용,IBK 플레인바닐라 EMP 증권투자신탁[혼합-재간접형] 종류 C-Pe,영업점,4,연금저축펀드,20190117,16036836936,461,재간접형,8.62,,,16.7,0.0,0.0,,"미래에셋대우,삼성증권,NH투자증권,한국투자증권,키움증권,KEB하나은행(구.하나은행),하나금융투자,KB증권,유안타증권,신한금융투자,한화투자증권,기업은행,대신증권,국민은행,신한은행,현대차증권주식회사,DB금융투자,NH농협은행,유진투자증권,하이투자증권,교보증권,메리츠증권,아이비케이투자증권",20201001,,202009291452
060000,202010,0010205,K55301BM7640,미래에셋자산운용,미래에셋전략배분TDF2035년혼합자산자투자신탁 종류C-Pe,"영업점,인터넷,스마트폰,모집인,전화(텔레뱅킹)",4,연금저축펀드,,9052448791,491,혼합자산,8.58,,,19.8,-11.09,13.0,,"미래에셋대우,국민은행,한국투자증권,한국포스증권,KEB하나은행(구.하나은행),NH투자증권,신한금융투자,신한은행,우리은행,KB증권,대신증권,키움증권,하나금융투자,DB금융투자,기업은행,전북은행,한화투자증권,현대차증권주식회사",20201001,,202010151107
060000,202010,0010205,KR5301AK6274,미래에셋자산운용,미래에셋고배당포커스연금저축증권전환형자투자신탁1호(주식)종류C-e,"영업점,인터넷,스마트폰,모집인,전화(텔레뱅킹)",4,연금저축펀드,,7460000000,421,주식형,8.36,,,16.44,-12.53,22.32,,"미래에셋대우,삼성증권,NH투자증권,KEB하나은행(구.하나은행),국민은행,한국투자증권,하나금융투자,신한금융투자,키움증권,한국포스증권,유안타증권,대신증권,하이투자증권,현대차증권주식회사,이베스트투자증권,교보증권,DB금융투자,케이티비투자증권",20201001,,202010151107
060000,202010,0010205,K55301BM7632,미래에셋자산운용,미래에셋전략배분TDF2035년혼합자산자투자신탁 종류C-P,"영업점,인터넷,스마트폰,모집인,전화(텔레뱅킹)",4,연금저축펀드,,31587411435,491,혼합자산,8.23,,,19.44,-11.36,12.68,,"미래에셋대우,국민은행,KEB하나은행(구.하나은행),NH투자증권,한국투자증권,DB금융투자,우리은행,KB증권,하나금융투자,신한금융투자,신한은행,에스케이증권,한화투자증권,기업은행",20201001,,202010151107
060000,202010,0010173,KR5105AH6392,삼성자산운용,삼성클래식차이나본토연금증권자투자신탁H[주식]_C,"영업점,인터넷,스마트폰,모집인",4,연금저축펀드,20130426,70481822346,421,주식형,8.09,,,29.34,-26.16,22.9,,"삼성증권,미래에셋대우,한국투자증권,KEB하나은행(구.하나은행),하나금융투자,신한금융투자,NH투자증권,유안타증권,KB증권,기업은행,하이투자증권,DB금융투자,아이비케이투자증권,미래에셋생명보험,교보증권,삼성생명보험,유진투자증권",20201001,,202010071621
060000,202010,0010205,KR5301AK6258,미래에셋자산운용,미래에셋고배당포커스연금저축증권전환형자투자신탁1호(주식)종류C,"영업점,인터넷,스마트폰,모집인,전화(텔레뱅킹)",4,연금저축펀드,,28099768660,421,주식형,7.93,,,15.89,-12.92,21.68,,"미래에셋대우,국민은행,NH투자증권,하나금융투자,한국투자증권,에스케이증권,하이투자증권,KEB하나은행(구.하나은행),미래에셋생명보험,신한금융투자,삼성증권,유안타증권,한화투자증권,대신증권,현대차증권주식회사,DB금융투자,KB증권,교보증권",20201001,,202010151107
060000,202010,0010173,KR5105AH6400,삼성자산운용,삼성클래식차이나본토연금증권자투자신탁H[주식]_Ce,"영업점,인터넷,스마트폰,모집인",4,연금저축펀드,20140602,9518795864,421,주식형,7.72,,,29.93,-25.8,23.46,,"삼성증권,한국투자증권,하나금융투자,KEB하나은행(구.하나은행),신한금융투자,키움증권,기업은행,NH투자증권,유안타증권,미래에셋대우,하이투자증권,KB증권,이베스트투자증권,DB금융투자",20201001,,202010161425
060000,202010,0011459,K55234CJ0963,아이비케이자산운용,IBK 플레인바닐라 EMP 증권투자신탁[혼합-재간접형] 종류C-P,영업점,4,연금저축펀드,20190222,18679188124,461,재간접형,7.69,,,15.41,0.0,0.0,,"한국투자증권,삼성증권,NH투자증권,하나금융투자,한화투자증권,미래에셋대우,신영증권,KB증권,KEB하나은행(구.하나은행),국민은행,하이투자증권,유안타증권,신한금융투자,NH농협은행,유진투자증권,현대차증권주식회사,기업은행,DB금융투자,에스케이증권,신한은행,대신증권,메리츠증권,아이비케이투자증권,교보증권",20201001,,202009291452
060000,202010,0010189,KR5213AQ1961,한화자산운용,한화연금증권전환형투자신탁(주식)종류C,영업점,4,연금저축펀드,20010201,166941000000,421,주식형,7.66,,,10.41,-21.18,21.68,,"한화투자증권,에스케이증권,KB증권,NH투자증권,아이비케이투자증권,미래에셋대우,대신증권,비엔케이투자증권",20201001,,202005041744
060000,202010,0011644,KR5236AX9349,한국투자밸류자산운용,한국밸류10년투자배당증권자투자신탁(주식)C-P,영업점,4,연금저축펀드,20141217,31944858819,421,주식형,7.59,,,14.85,-11.8,8.54,,"한국투자증권,미래에셋대우,NH투자증권,신한은행,삼성증권,KEB하나은행(구.하나은행),대신증권,우리은행,하나금융투자,유안타증권,현대차증권주식회사,KB증권,기업은행,교보증권,DB금융투자,한화투자증권,메리츠증권,에스케이증권,한국포스증권,아이비케이투자증권,키움증권",20201001,,202010071434
060000,202010,0010189,KR5213AI2357,한화자산운용,한화연금저축글로벌헬스케어증권 자투자신탁(주식) C-e,영업점,4,연금저축펀드,20131119,9598478449,421,주식형,7.41,,,13.98,-4.33,16.02,,"미래에셋대우,삼성증권,한국투자증권,국민은행,KEB하나은행(구.하나은행),하나금융투자,키움증권,NH투자증권,신한금융투자,기업은행,한화투자증권,대신증권,유안타증권,광주은행,우리은행,KB증권,미래에셋생명보험,하이투자증권,DB금융투자,현대차증권주식회사",20201001,,202005041744
060000,202010,0010205,K55301B58635,미래에셋자산운용,미래에셋인도중소형포커스증권자투자신탁1호(주식)종류C-p,"영업점,인터넷,스마트폰,모집인,전화(텔레뱅킹)",4,연금저축펀드,,9900381816,421,주식형,7.39,,,13.14,-10.79,40.77,,"미래에셋대우,한국투자증권,NH투자증권,신한금융투자,하나금융투자,한화투자증권,교보증권,KB증권,대신증권,에스케이증권,유안타증권",20201001,,202010151101
060000,202010,0010205,K55301BM7731,미래에셋자산운용,미래에셋전략배분TDF2030년혼합자산자투자신탁 종류C-Pe,"영업점,인터넷,스마트폰,모집인,전화(텔레뱅킹)",4,연금저축펀드,,10515200086,491,혼합자산,7.24,,,17.66,-9.69,11.59,,"미래에셋대우,한국포스증권,KB증권,NH투자증권,KEB하나은행(구.하나은행),한국투자증권,한화투자증권,국민은행,신한금융투자,우리은행,키움증권,DB금융투자,하나금융투자,신한은행,현대차증권주식회사,기업은행,전북은행,대신증권",20201001,,202010151101
060000,202010,0010189,KR5213AI2340,한화자산운용,한화연금저축글로벌헬스케어증권 자투자신탁(주식) 종류C,영업점,4,연금저축펀드,20130522,49570291182,421,주식형,7.24,,,13.48,-4.64,15.7,,"미래에셋대우,한국투자증권,삼성증권,KEB하나은행(구.하나은행),NH투자증권,한화투자증권,하나금융투자,국민은행,신한금융투자,NH농협은행,기업은행,대신증권,하이투자증권,DB금융투자,에스케이증권,유안타증권,삼성생명보험,KB증권,미래에셋생명보험,신영증권,현대차증권주식회사,광주은행,우리은행,교보증권,유진투자증권",20201001,,202005041744
060000,202010,0011458,KR5235AQ3730,피델리티자산운용,피델리티글로벌배당인컴증권자투자신탁(주식-재간접형)종류S-PRS,영업점,4,연금저축펀드,20140509,10167091140,461,재간접형,7.07,,,23.68,-2.17,9.55,,한국포스증권,20201001,,202010161546
060000,202010,0010205,K55301BM7723,미래에셋자산운용,미래에셋전략배분TDF2030년혼합자산자투자신탁 종류C-P,"영업점,인터넷,스마트폰,모집인,전화(텔레뱅킹)",4,연금저축펀드,,55669054342,491,혼합자산,6.95,,,17.37,-9.92,11.32,,"미래에셋대우,국민은행,KEB하나은행(구.하나은행),KB증권,한국투자증권,신한은행,DB금융투자,하나금융투자,NH투자증권,에스케이증권,우리은행,신한금융투자,대신증권,한화투자증권,기업은행",20201001,,202010151107
060000,202010,0011458,KR5235AK9790,피델리티자산운용,피델리티글로벌배당인컴증권자투자신탁(주식-재간접형)종류PRS,영업점,4,연금저축펀드,20130910,102887000000,461,재간접형,6.95,,,23.24,-2.54,9.17,,"한국투자증권,KEB하나은행(구.하나은행),미래에셋대우,국민은행,NH투자증권,하나금융투자,우리은행,한화투자증권,삼성증권,신영증권,신한은행,유안타증권,KB증권,신한금융투자,대신증권,하이투자증권,DB금융투자,에스케이증권,현대차증권주식회사,NH농협은행,유진투자증권,삼성생명보험,교보증권,아이비케이투자증권",20201001,,202010051147
060000,202010,0011458,KR5235AK9808,피델리티자산운용,피델리티글로벌배당인컴증권자투자신탁(주식-재간접형)종류PRS-e,인터넷,4,연금저축펀드,20140512,27643341630,461,재간접형,6.92,,,23.54,-2.29,9.41,,"미래에셋대우,KEB하나은행(구.하나은행),NH투자증권,한국투자증권,국민은행,하나금융투자,삼성증권,키움증권,신한금융투자,신한은행,유안타증권,KB증권,우리은행,대신증권,한화투자증권,현대차증권주식회사,교보증권,NH농협은행,하이투자증권,DB금융투자,이베스트투자증권,에스케이증권",20201001,,202010050927
060000,202010,0010205,K55301CB2734,미래에셋자산운용,미래에셋전략배분TDF솔루션혼합자산자투자신탁 종류C-Pe,"영업점,인터넷,스마트폰,모집인,전화(텔레뱅킹)",4,연금저축펀드,,21809010054,491,혼합자산,6.9,,,12.61,-13.21,0.0,,"미래에셋대우,한국투자증권,한화투자증권,한국포스증권",20201001,,202010151101
060000,202010,0010186,KR5210AP8309,신한자산운용주식회사,신한BNPP해피라이프연금글로벌ETF증권전환형자투자신탁제1호[주식-재간접형](종류C1),영업점,4,연금저축펀드,20070904,6805661285,461,재간접형,6.77,,,17.99,-14.09,18.19,,"신한금융투자,한국투자증권,광주은행,NH투자증권,유안타증권",20201001,,202010051651
060000,202010,0010660,K55101BK7073,한국투자신탁운용,한국투자TDF알아서2045증권투자신탁(주식혼합-재간접형)(C-P),영업점,4,연금저축펀드,20170302,14233633781,461,재간접형,6.76,,,18.52,-13.09,13.26,,"한국투자증권,KEB하나은행(구.하나은행),에스케이증권,삼성증권,NH투자증권,미래에셋대우,국민은행,기업은행,한화투자증권,우리은행,신한은행,유안타증권,현대차증권주식회사,하나금융투자,전북은행,하이투자증권,대신증권",20201001,,202009251040
060000,202010,0010205,K55301CB2700,미래에셋자산운용,미래에셋전략배분TDF솔루션혼합자산자투자신탁 종류C-P,"영업점,인터넷,스마트폰,모집인,전화(텔레뱅킹)",4,연금저축펀드,,112000000000,491,혼합자산,6.63,,,12.33,-13.43,0.0,,"미래에셋대우,한국투자증권,한화투자증권",20201001,,202010151101
060000,202010,0010183,K55207CE2280,교보악사자산운용,교보악사공모주하이일드플러스증권투자신탁[채권혼합]ClassC-P(연금),영업점,4,연금저축펀드,20181101,9420813445,441,혼합채권형,6.54,,,1.62,16.5,0.0,,"한국투자증권,NH투자증권,국민은행,하나금융투자,한화투자증권,미래에셋대우,현대차증권주식회사,DB금융투자,신한금융투자",20201001,,202010211447
060000,202010,0010183,K55207BT6277,교보악사자산운용,교보악사파워인덱스증권투자신탁1호(주식-파생형)ClassC-P2e,영업점,4,연금저축펀드,20170724,10261866695,422,주식파생형,6.48,,,14.88,-19.32,11.71,,"KEB하나은행(구.하나은행),미래에셋대우,삼성증권,NH투자증권,신한은행,하나금융투자,한국투자증권,키움증권,유안타증권,광주은행,국민은행,교보증권,기업은행,현대차증권주식회사,KB증권,한화투자증권,메리츠증권,에스케이증권,아이비케이투자증권,하이투자증권",20201001,,202010211447
060000,202010,0010198,KR5223AL9835,KB자산운용,KB 연금 미국 S&P500 인덱스 증권 자투자신탁(주식-파생형)C-E CLASS,"영업점,인터넷,스마트폰,모집인,전화(텔레뱅킹)",4,연금저축펀드,20140818,5686911597,422,주식파생형,6.48,,,-100.0,-9.6,19.79,,"미래에셋대우,삼성증권,신한은행,한국투자증권,NH투자증권,신한금융투자,국민은행,키움증권,KB증권,NH농협은행,하나금융투자,유안타증권,하이투자증권,교보증권,전북은행,아이비케이투자증권,DB금융투자,에스케이증권",20201001,,202010060941
060000,202010,0010660,K55101BK6943,한국투자신탁운용,한국투자TDF알아서2040증권투자신탁(주식혼합-재간접형)(C-P),영업점,4,연금저축펀드,20170310,13489302203,461,재간접형,6.44,,,18.34,-13.2,13.13,,"KEB하나은행(구.하나은행),한국투자증권,국민은행,에스케이증권,삼성증권,신한은행,미래에셋대우,한화투자증권,유안타증권,기업은행,삼성생명보험,현대차증권주식회사,하이투자증권,NH투자증권,대신증권,우리은행",20201001,,202009251040
060000,202010,0010660,KR5101AX9697,한국투자신탁운용,한국투자연금베트남증권자투자신탁(주식혼합)(S-P),영업점,4,연금저축펀드,20141218,13396112651,431,혼합주식형,6.44,,,7.05,-12.21,46.26,,한국포스증권,20201001,,202009251417
060000,202010,0010185,KR5209315518,신영자산운용,신영연금60 증권 전환형 투자신탁(주식혼합),"영업점,인터넷,스마트폰,모집인,전화(텔레뱅킹)",4,연금저축펀드,20010214,92269494224,431,혼합주식형,6.34,,,3.0,-10.14,10.21,,"신영증권,우리은행,미래에셋대우,KB증권,삼성증권,유안타증권,한국투자증권,하나금융투자,신한금융투자,KEB하나은행(구.하나은행),한화투자증권,한화생명보험,NH투자증권,교보증권,현대차증권주식회사,한국포스증권,DB금융투자,아이비케이투자증권,키움증권",20201001,,202009291343
060000,202010,0010660,K55101BK7495,한국투자신탁운용,한국투자TDF알아서2035증권투자신탁(주식혼합-재간접형)(C-P),영업점,4,연금저축펀드,20170308,10837126715,461,재간접형,6.34,,,17.27,-13.37,12.38,,"한국투자증권,KEB하나은행(구.하나은행),삼성증권,에스케이증권,기업은행,국민은행,미래에셋대우,유안타증권,하이투자증권,NH투자증권,대신증권",20201001,,202009251417
060000,202010,0010170,KR5102314733,하나자산운용,하나UBS인Best연금증권자투자신탁(제1호)[주식혼합],"영업점,인터넷,스마트폰,모집인,전화(텔레뱅킹)",4,연금저축펀드,20010205,143318766120,431,혼합주식형,6.33,,,3.63,-11.63,11.29,,"KEB하나은행(구.하나은행),하나금융투자,신한금융투자,KB증권,한화투자증권,하이투자증권,교보증권,현대차증권주식회사,수협은행(구.수협중앙회),에스케이증권,미래에셋대우,NH투자증권,메리츠증권,우리은행,기업은행,DB금융투자,유안타증권,아이비케이투자증권,삼성생명보험,키움증권,한양증권,삼성증권,이베스트투자증권,미래에셋생명보험,한국포스증권",20201001,,202010051009
060000,202010,0010198,K55223B24716,KB자산운용,KB 연금 통중국 고배당 증권 자투자신탁(주식)C 클래스,"영업점,인터넷,스마트폰,모집인,전화(텔레뱅킹)",4,연금저축펀드,20150520,23666466988,421,주식형,6.22,,,-100.0,-20.79,39.12,,"국민은행,한국투자증권,NH투자증권,KB증권,미래에셋대우,유안타증권,한화투자증권,신영증권,신한금융투자,대신증권,현대차증권주식회사,아이비케이투자증권,에스케이증권",20201001,,202010060941
060000,202010,0010660,KR5101AO9987,한국투자신탁운용,한국투자연금베트남증권자투자신탁(주식혼합)(C-e),영업점,4,연금저축펀드,20141212,42187788530,431,혼합주식형,6.2,,,6.85,-12.38,46.0,,"미래에셋대우,삼성증권,한국투자증권,NH투자증권,신한금융투자,하나금융투자,키움증권,유안타증권,대신증권,KB증권,하이투자증권,한화투자증권,DB금융투자,현대차증권주식회사,유진투자증권,에스케이증권,교보증권,전북은행,아이비케이투자증권",20201001,,202009251040
060000,202010,0011972,K55365B32460,케이씨지아이자산운용 주식회사,메리츠코리아스몰캡증권투자신탁[주식]종류C-P,"영업점,인터넷,스마트폰,모집인,전화(텔레뱅킹)",4,연금저축펀드,20150601,21621274265,421,주식형,6.19,,,15.6,-20.04,21.16,,"한국투자증권,미래에셋대우,NH투자증권,하나금융투자,삼성증권,대신증권,신한금융투자,우리은행,KB증권,하이투자증권,에스케이증권,신한은행,유안타증권,DB금융투자,교보증권,아이비케이투자증권,유진투자증권,메리츠증권,키움증권,NH농협은행,광주은행,이베스트투자증권,한화투자증권",20201001,,202010221506
060000,202010,0010172,K55104BR3387,브이아이자산운용 주식회사,브이아이 스마일 연금 증권 전환형 자투자신탁 1호C-P2[주식],"영업점,인터넷,스마트폰",4,연금저축펀드,20010205,12166060986,421,주식형,6.14,,,7.57,-19.4,28.4,,"하이투자증권,NH투자증권,하나금융투자",20201001,,202010051027
060000,202010,0010189,K55213B35184,한화자산운용,한화연금60증권전환형투자신탁(주식혼합) 종류C,영업점,4,연금저축펀드,20010201,12465963734,431,혼합주식형,6.14,,,6.34,-12.29,16.27,,"한화투자증권,KB증권,아이비케이투자증권",20201001,,202010191613
060000,202010,0010660,K55101BK7370,한국투자신탁운용,한국투자TDF알아서2030증권투자신탁(주식혼합-재간접형)(C-P),영업점,4,연금저축펀드,20170307,18800530645,461,재간접형,6.05,,,16.68,-12.5,11.54,,"한국투자증권,KEB하나은행(구.하나은행),삼성증권,에스케이증권,국민은행,미래에셋대우,기업은행,NH투자증권,유안타증권,하이투자증권,신한은행,한화투자증권,현대차증권주식회사,대신증권,우리은행",20201001,,202009251040
060000,202010,0010660,KR5101AQ4747,한국투자신탁운용,한국투자연금셀렉트중국본토ETF증권전환형자투자신탁(주식-재간접형)(C),영업점,4,연금저축펀드,20130426,13428238344,461,재간접형,5.92,,,25.78,-28.52,24.19,,"한국투자증권,KEB하나은행(구.하나은행),신한금융투자,대신증권",20201001,,202009251040
060000,202010,0010183,KR5207AH8718,교보악사자산운용,교보악사파워인덱스증권투자신탁1호(주식-파생형)ClassC-P2,영업점,4,연금저축펀드,20130416,18839150875,422,주식파생형,5.91,,,14.07,-17.67,26.15,,"신한은행,KEB하나은행(구.하나은행),미래에셋대우,NH투자증권,삼성증권,한국투자증권,한화투자증권,국민은행,교보증권,기업은행,유안타증권,하나금융투자,하이투자증권,광주은행,에스케이증권,현대차증권주식회사,키움증권,한국포스증권,DB금융투자,신영증권,메리츠증권,이베스트투자증권,아이비케이투자증권,KB증권,유진투자증권",20201001,,202010211448
060000,202010,0010205,K55301BM2401,미래에셋자산운용,미래에셋자산배분TDF2025증권자투자신탁(채권혼합- 재간접형)종류C-Pe,"영업점,인터넷,스마트폰,모집인,전화(텔레뱅킹)",4,연금저축펀드,,15870577233,461,재간접형,5.9,,,13.63,-7.9,8.37,,"미래에셋대우,NH투자증권,유안타증권,하나금융투자,한국포스증권,대신증권,한화투자증권,키움증권",20201001,,202010151101
060000,202010,0010173,K55105B00871,삼성자산운용,삼성클래식중국본토중소형FOCUS연금증권자투자신탁H[주식]_Ce,"영업점,인터넷,스마트폰,모집인",4,연금저축펀드,20150305,11504843552,421,주식형,5.89,,,36.36,-32.62,7.33,,"삼성증권,미래에셋대우,한국투자증권,NH투자증권,하나금융투자,KEB하나은행(구.하나은행),키움증권,신한금융투자,유안타증권,KB증권,하이투자증권,DB금융투자,이베스트투자증권,현대차증권주식회사",20201001,,202010071621
060000,202010,0010660,K55101BK8360,한국투자신탁운용,한국투자TDF알아서2025증권투자신탁(주식혼합-재간접형)(C-P),영업점,4,연금저축펀드,20170309,10064274400,461,재간접형,5.86,,,14.67,-11.26,10.71,,"한국투자증권,KEB하나은행(구.하나은행),삼성증권,국민은행,현대차증권주식회사,NH투자증권,미래에셋대우,기업은행,에스케이증권,하이투자증권,유안타증권,대신증권,우리은행",20201001,,202009251040
060000,202010,0010660,K55101B87893,한국투자신탁운용,한국투자연금글로벌브랜드파워증권자투자신탁(주식)(C),영업점,4,연금저축펀드,20151215,9293116178,421,주식형,5.83,,,23.37,-14.89,20.84,,"한국투자증권,KEB하나은행(구.하나은행),하나금융투자,NH투자증권",20201001,,202009251040
060000,202010,0010173,KR5105AH6137,삼성자산운용,삼성클래식중소형연금증권자투자신탁 제1호[주식]_C,"영업점,인터넷,스마트폰,모집인",4,연금저축펀드,20130425,5272168942,421,주식형,5.82,,,2.06,-15.02,21.94,,"삼성증권,한국투자증권,NH투자증권,미래에셋대우,하이투자증권,삼성생명보험,미래에셋생명보험,DB금융투자,신한금융투자,대신증권,유진투자증권",20201001,,202010161425
060000,202010,0010182,KR5206755567,키움투자자산운용,키움 행복연금 코리아 증권 전환형 자투자신탁 제1호[채권],영업점,4,연금저축펀드,20071101,7196554770,411,채권형,5.81,,,1.43,6.5,2.86,,"NH투자증권,우리은행,한국포스증권,에스케이증권,교보증권,경남은행,케이프투자증권",20201001,,202010050909
060000,202010,0010205,K55301BM8051,미래에셋자산운용,미래에셋전략배분TDF2025년혼합자산자투자신탁 종류C-Pe,"영업점,인터넷,스마트폰,모집인,전화(텔레뱅킹)",4,연금저축펀드,,27945987791,491,혼합자산,5.8,,,14.16,-6.56,8.13,,"미래에셋대우,KEB하나은행(구.하나은행),한국투자증권,NH투자증권,한국포스증권,신한금융투자,국민은행,KB증권,신한은행,전북은행,하나금융투자,우리은행,대신증권,한화투자증권,키움증권,기업은행,에스케이증권,현대차증권주식회사,DB금융투자",20201001,,202010151107
060000,202010,0010173,K55105BC7830,삼성자산운용,삼성 한국형 TDF 2045증권투자신탁H[주식혼합-재간접형]_C-P,"영업점,인터넷,스마트폰,모집인",4,연금저축펀드,20160421,26939711709,461,재간접형,5.73,,,18.52,-9.16,16.1,,"삼성증권,한국투자증권,KEB하나은행(구.하나은행),미래에셋대우,NH투자증권,국민은행,삼성생명보험,신한금융투자,우리은행,유안타증권,하나금융투자,신한은행,현대차증권주식회사,KB증권,신영증권,한화투자증권,DB금융투자,대신증권,키움증권,광주은행,NH농협은행,교보증권",20201001,,202010161425
060000,202010,0010173,K55105BS5059,삼성자산운용,삼성 한국형 TDF 2045 증권투자신탁H[주식혼합-재간접형]_C-Pe,"영업점,인터넷,스마트폰,모집인",4,연금저축펀드,20170727,7761074203,461,재간접형,5.69,,,19.05,-8.74,4.62,,"삼성증권,KEB하나은행(구.하나은행),한국투자증권,NH투자증권,미래에셋대우,신한은행,신한금융투자,키움증권,유안타증권,하나금융투자,국민은행,KB증권,한화투자증권,대신증권,DB금융투자,광주은행,삼성생명보험,현대차증권주식회사,이베스트투자증권,유진투자증권,교보증권,전북은행",20201001,,202010161425
060000,202010,0010205,K55301BH0428,미래에셋자산운용,미래에셋글로벌솔루션40증권자투자신탁1호(채권혼합)종류C-P,"영업점,인터넷,스마트폰,모집인,전화(텔레뱅킹)",4,연금저축펀드,,15482013894,441,혼합채권형,5.62,,,13.15,-6.75,7.16,,미래에셋대우,20201001,,202010151059
060000,202010,0010205,K55301BM2393,미래에셋자산운용,미래에셋자산배분TDF2025증권자투자신탁(채권혼합- 재간접형)종류C-P,"영업점,인터넷,스마트폰,모집인,전화(텔레뱅킹)",4,연금저축펀드,,88515738513,461,재간접형,5.62,,,13.35,-8.13,8.08,,"미래에셋대우,한화투자증권,NH투자증권,하나금융투자,유안타증권,대신증권",20201001,,202010151101
060000,202010,0010660,KR5101AO9961,한국투자신탁운용,한국투자연금베트남증권자투자신탁(주식혼합)(C),영업점,4,연금저축펀드,20141212,50547087874,431,혼합주식형,5.62,,,6.36,-12.78,45.38,,"한국투자증권,NH투자증권,미래에셋대우,하나금융투자,신한금융투자,하이투자증권,삼성증권,대신증권,에스케이증권,한화투자증권,DB금융투자,유진투자증권,유안타증권,KB증권,현대차증권주식회사,이베스트투자증권,아이비케이투자증권,교보증권",20201001,,202009251541
060000,202010,0010205,K55301BM5917,미래에셋자산운용,미래에셋자산배분TDF2030증권자투자신탁(주식혼합-재간접형)종류C-P,"영업점,인터넷,스마트폰,모집인,전화(텔레뱅킹)",4,연금저축펀드,,20663044688,461,재간접형,5.59,,,16.61,-12.14,11.38,,"미래에셋대우,한화투자증권,NH투자증권,하나금융투자,유안타증권",20201001,,202010151101
060000,202010,0010660,K55101BK6828,한국투자신탁운용,한국투자TDF알아서증권투자신탁(채권혼합-재간접형)(C-P),영업점,4,연금저축펀드,20170308,18172895202,461,재간접형,5.59,,,11.56,-8.17,6.5,,"한국투자증권,KEB하나은행(구.하나은행),미래에셋대우,국민은행,하이투자증권,유안타증권,기업은행,NH투자증권,에스케이증권,현대차증권주식회사,신한은행,하나금융투자,우리은행",20201001,,202009251040
060000,202010,0010173,K55105BC8564,삼성자산운용,삼성 한국형 TDF 2035 증권투자신탁H[주식혼합-재간접형]_C-P,"영업점,인터넷,스마트폰,모집인",4,연금저축펀드,20160421,23150833489,461,재간접형,5.56,,,16.57,-7.89,14.21,,"한국투자증권,삼성증권,KEB하나은행(구.하나은행),NH투자증권,국민은행,하나금융투자,신한금융투자,KB증권,삼성생명보험,미래에셋대우,신한은행,DB금융투자,우리은행,유안타증권,한화투자증권,하이투자증권,키움증권,현대차증권주식회사,대신증권,NH농협은행",20201001,,202010161425
060000,202010,0010205,K55301BM8044,미래에셋자산운용,미래에셋전략배분TDF2025년혼합자산자투자신탁 종류C-P,"영업점,인터넷,스마트폰,모집인,전화(텔레뱅킹)",4,연금저축펀드,,204000000000,491,혼합자산,5.52,,,13.88,-6.79,7.85,,"미래에셋대우,KEB하나은행(구.하나은행),국민은행,하나금융투자,한국투자증권,NH투자증권,KB증권,신한은행,현대차증권주식회사,신한금융투자,DB금융투자,대신증권,에스케이증권,한화투자증권,기업은행",20201001,,202010151101
060000,202010,0010660,K55101BK8428,한국투자신탁운용,한국투자TDF알아서2020증권자투자신탁(주식혼합-재간접형)(C-P),영업점,4,연금저축펀드,20170316,9296161638,461,재간접형,5.52,,,13.37,-10.45,9.9,,"한국투자증권,KEB하나은행(구.하나은행),국민은행,미래에셋대우,삼성증권,하이투자증권,기업은행,현대차증권주식회사,에스케이증권,한화투자증권,우리은행",20201001,,202009251040
060000,202010,0010173,KR5105883403,삼성자산운용,삼성당신을위한신연금코리아인덱스증권전환형자투자신탁 제1호[주식-파생형],"영업점,인터넷,스마트폰,모집인",4,연금저축펀드,20081118,22248398876,422,주식파생형,5.45,,,13.37,-17.82,26.83,,"삼성증권,교보증권,NH투자증권,한국포스증권",20201001,,202010071621
060000,202010,0010173,K55105BC8440,삼성자산운용,삼성 한국형 TDF 2040 증권투자신탁H[주식혼합-재간접형]_C-P,"영업점,인터넷,스마트폰,모집인",4,연금저축펀드,20160421,37257064430,461,재간접형,5.44,,,18.19,-8.87,15.4,,"KEB하나은행(구.하나은행),삼성증권,한국투자증권,국민은행,우리은행,NH투자증권,삼성생명보험,하나금융투자,신한은행,신한금융투자,미래에셋대우,유안타증권,DB금융투자,대신증권,교보증권,현대차증권주식회사,KB증권,유진투자증권,한화투자증권,키움증권,NH농협은행,하이투자증권,에스케이증권,광주은행",20201001,,202010071621
060000,202010,0010205,K55301BV2855,미래에셋자산운용,미래에셋이머징연금증권전환형자투자신탁1호(주식-재간접형) 종류C,"영업점,인터넷,스마트폰,모집인,전화(텔레뱅킹)",4,연금저축펀드,,13385848167,461,재간접형,5.4,,,20.93,-16.26,25.33,,"미래에셋대우,미래에셋생명보험,우리은행,NH농협은행,에스케이증권,DB금융투자,유안타증권,교보증권,삼성증권,한화투자증권,하이투자증권,한국포스증권,스탠다드차타드은행,대신증권",20201001,,202010151101
060000,202010,0010173,K55105B00863,삼성자산운용,삼성클래식중국본토중소형FOCUS연금증권자투자신탁H[주식]_C,"영업점,인터넷,스마트폰,모집인",4,연금저축펀드,20150302,54996812728,421,주식형,5.37,,,35.73,-32.96,6.82,,"한국투자증권,삼성증권,NH투자증권,미래에셋대우,하나금융투자,대신증권,KEB하나은행(구.하나은행),KB증권,삼성생명보험,하이투자증권,신한금융투자,유진투자증권,유안타증권,아이비케이투자증권,DB금융투자,이베스트투자증권",20201001,,202010071621
060000,202010,0010205,KR5301AP0520,미래에셋자산운용,미래에셋글로벌그레이트컨슈머30증권자투자신탁1호(채권혼합)종류C-P,"영업점,인터넷,스마트폰,모집인,전화(텔레뱅킹)",4,연금저축펀드,,5486626025,441,혼합채권형,5.28,,,11.42,-3.67,7.04,,"미래에셋대우,신영증권,한국투자증권,현대차증권주식회사,키움증권,한국포스증권",20201001,,202010190914
060000,202010,0010186,KR5210AP8275,신한자산운용주식회사,신한BNPP해피라이프연금브릭스증권전환형자투자신탁제1호(H)[주식](종류C1),영업점,4,연금저축펀드,20080625,8043329471,421,주식형,5.09,,,27.89,-16.93,28.92,,"신한은행,신한금융투자,미래에셋대우,교보증권,에스케이증권,키움증권",20201001,,202010051651
060000,202010,0010170,KR5102314212,하나자산운용,하나UBS인Best연금증권투자신탁(제1호)[주식],"영업점,인터넷,스마트폰,모집인,전화(텔레뱅킹)",4,연금저축펀드,20010201,570852948279,421,주식형,5.05,,,3.87,-20.07,20.85,,"KEB하나은행(구.하나은행),하나금융투자,신한금융투자,한화투자증권,KB증권,수협은행(구.수협중앙회),하이투자증권,교보증권,현대차증권주식회사,에스케이증권,삼성생명보험,아이비케이투자증권,기업은행,NH투자증권,미래에셋대우,한화생명보험,메리츠증권,DB금융투자,유안타증권,우리은행,미래에셋생명보험,대신증권,삼성증권,이베스트투자증권,키움증권,한양증권,케이티비투자증권,리딩투자증권,한국포스증권,신영증권,케이프투자증권",20201001,,202009280935
060000,202010,0010205,K55301B33711,미래에셋자산운용,미래에셋연금러시아업종대표증권자투자신탁1호(주식)종류C-Pe,"영업점,인터넷,스마트폰,모집인,전화(텔레뱅킹)",4,연금저축펀드,,6320000000,421,주식형,5.04,,,39.61,-7.68,12.32,,"미래에셋대우,한국포스증권,신한금융투자,삼성증권,한국투자증권,NH투자증권,키움증권,유안타증권,대신증권,KB증권,한화투자증권,아이비케이투자증권,유진투자증권,이베스트투자증권",20201001,,202010151059
060000,202010,0010205,K55301BM2294,미래에셋자산운용,미래에셋자산배분TDF2035증권자투자신탁(주식혼합- 재간접형)종류C-P,"영업점,인터넷,스마트폰,모집인,전화(텔레뱅킹)",4,연금저축펀드,,8850000000,461,재간접형,4.97,,,19.06,-13.35,12.82,,"미래에셋대우,유안타증권,한화투자증권,NH투자증권,하나금융투자",20201001,,202010151101
060000,202010,0010173,K55105BS2072,삼성자산운용,삼성 한국형 TDF 2030 증권투자신탁H[주식혼합-재간접형]_C-Pe,"영업점,인터넷,스마트폰,모집인",4,연금저축펀드,20170727,5379781023,461,재간접형,4.97,,,15.33,-6.41,3.44,,"삼성증권,KEB하나은행(구.하나은행),NH투자증권,한국투자증권,미래에셋대우,신한은행,신한금융투자,키움증권,유안타증권,대신증권,KB증권,DB금융투자,광주은행,국민은행,한화투자증권,하나금융투자,NH농협은행,전북은행,유진투자증권,이베스트투자증권",20201001,,202010071621
060000,202010,0010173,K55105BC8713,삼성자산운용,삼성 한국형 TDF 2030 증권투자신탁H[주식혼합-재간접형]_C-P,"영업점,인터넷,스마트폰,모집인",4,연금저축펀드,20160421,39377702002,461,재간접형,4.93,,,14.95,-6.73,12.44,,"KEB하나은행(구.하나은행),삼성증권,한국투자증권,국민은행,삼성생명보험,NH투자증권,우리은행,미래에셋대우,신한금융투자,KB증권,신한은행,하나금융투자,대신증권,한화투자증권,현대차증권주식회사,DB금융투자,유안타증권,광주은행,신영증권,NH농협은행,에스케이증권,전북은행",20201001,,202010071621
060000,202010,0010175,KR5107AP4577,우리자산운용 주식회사,우리파워연금증권전환형투자신탁1호(채권)ClassC,영업점,4,연금저축펀드,20010201,6313876250,411,채권형,4.92,,,1.05,4.47,2.28,,유안타증권,20201001,,202010051648
060000,202010,0011972,K55365B69546,케이씨지아이자산운용 주식회사,메리츠코리아증권투자신탁1호[주식]종류C-Pe,영업점,4,연금저축펀드,20150903,14083783529,421,주식형,4.86,,,10.0,-15.63,17.59,,"메리츠자산운용,미래에셋대우,삼성증권,KEB하나은행(구.하나은행),한국투자증권,NH투자증권,키움증권,신한은행,하이투자증권,KB증권,메리츠증권,대신증권,현대차증권주식회사,교보증권,한화투자증권",20201001,,202010141446
060000,202010,0010173,K55105BG6952,삼성자산운용,삼성클래식인덱스연금증권전환형투자신탁 제1호[주식]_C,"영업점,인터넷,스마트폰,모집인",4,연금저축펀드,20160821,124870298844,421,주식형,4.81,,,12.11,-17.34,24.74,,"삼성증권,KB증권,삼성생명보험,KEB하나은행(구.하나은행),한국투자증권,미래에셋대우,하나금융투자,유안타증권,우리은행,국민은행,신한은행,신한금융투자,현대차증권주식회사,교보증권,NH투자증권,대신증권,에스케이증권,아이비케이투자증권,DB금융투자,키움증권,메리츠증권,케이티비투자증권,이베스트투자증권,한국포스증권,부국증권,미래에셋생명보험,케이프투자증권",20201001,,202010161425
060000,202010,0010205,K55301BU3490,미래에셋자산운용,미래에셋인덱스플러스연금증권전환형자투자신탁1호(주식) 종류C,"영업점,인터넷,스마트폰,모집인,전화(텔레뱅킹)",4,연금저축펀드,,5928954508,421,주식형,4.66,,,13.38,-18.53,25.44,,"미래에셋대우,NH농협은행,유안타증권,미래에셋생명보험,삼성증권,키움증권,KB증권",20201001,,202010151101
060000,202010,0010205,K55301BM1619,미래에셋자산운용,미래에셋자산배분TDF2045증권자투자신탁(주식혼합- 재간접형)종류C-P,"영업점,인터넷,스마트폰,모집인,전화(텔레뱅킹)",4,연금저축펀드,,10116604195,461,재간접형,4.65,,,20.32,-14.79,14.12,,"미래에셋대우,한화투자증권,유안타증권,NH투자증권,하나금융투자,대신증권",20201001,,202010151107
060000,202010,0010205,K55301BM8002,미래에셋자산운용,미래에셋평생소득TIF혼합자산자투자신탁종류C-Pe,"영업점,인터넷,스마트폰,모집인,전화(텔레뱅킹)",4,연금저축펀드,,12148008944,491,혼합자산,4.54,,,12.79,-4.48,3.82,,"미래에셋대우,NH투자증권,대신증권,KEB하나은행(구.하나은행),한국포스증권,한국투자증권,하나금융투자,유안타증권,우리은행,KB증권,현대차증권주식회사,DB금융투자",20201001,,202010151101
060000,202010,0011317,K55232BU5754,엔에이치아문디자산운용주식회사,NH-Amundi 대한민국 고배당주 연금 증권 전환형 자투자신탁[주식]C-P1,영업점,4,연금저축펀드,20101004,14487190820,421,주식형,4.52,,,9.99,-17.38,24.03,,"NH농협은행,NH투자증권,하나금융투자",20201001,,202009291509
060000,202010,0010173,K55105BC8986,삼성자산운용,삼성 한국형 TDF 2025 증권투자신탁H[주식혼합-재간접형]_C-P,"영업점,인터넷,스마트폰,모집인",4,연금저축펀드,20160421,29285167216,461,재간접형,4.5,,,12.82,-5.26,10.33,,"삼성증권,KEB하나은행(구.하나은행),한국투자증권,국민은행,우리은행,NH투자증권,삼성생명보험,신한은행,미래에셋대우,하나금융투자,KB증권,한화투자증권,신한금융투자,DB금융투자,신영증권,현대차증권주식회사,유안타증권,대신증권,하이투자증권,키움증권,NH농협은행,에스케이증권",20201001,,202010161425
060000,202010,0010173,K55105BS4466,삼성자산운용,삼성 한국형 TDF 2020 증권투자신탁H[채권혼합-재간접형]_C-Pe,"영업점,인터넷,스마트폰,모집인",4,연금저축펀드,20170727,7245644264,461,재간접형,4.47,,,11.47,-4.03,2.22,,"삼성증권,미래에셋대우,KEB하나은행(구.하나은행),한국투자증권,NH투자증권,유안타증권,신한금융투자,국민은행,하나금융투자,신한은행,KB증권,키움증권,한화투자증권,하이투자증권,DB금융투자,이베스트투자증권,유진투자증권,NH농협은행,현대차증권주식회사",20201001,,202010071621
060000,202010,0010205,K55301BM6063,미래에셋자산운용,미래에셋자산배분TDF2040증권자투자신탁1호(주식혼합-재간접형)종류C-P,"영업점,인터넷,스마트폰,모집인,전화(텔레뱅킹)",4,연금저축펀드,,7727469780,461,재간접형,4.44,,,20.7,-12.63,13.65,,"미래에셋대우,유안타증권,NH투자증권,하나금융투자,한화투자증권",20201001,,202010151101
060000,202010,0011317,K55232BU5739,엔에이치아문디자산운용주식회사,NH-Amundi 국채10년 인덱스 증권자투자신탁[채권]Class C-P1e(연금저축),영업점,4,연금저축펀드,20171018,9269213088,411,채권형,4.43,,,2.95,9.05,4.7,,"미래에셋대우,NH투자증권,한국투자증권,유안타증권,키움증권,삼성증권,기업은행,대신증권,KB증권,교보증권,한화투자증권,DB금융투자",20201001,,202009291513
060000,202010,0011956,KR5364AH9392,에셋플러스자산운용,에셋플러스 코리아리치투게더 연금증권자투자신탁1호[주식] 종류C,영업점,4,연금저축펀드,20130521,47121681929,421,주식형,4.4,,,2.1,-18.98,18.7,,"하나금융투자,NH투자증권,미래에셋대우,삼성증권,신한금융투자,한화투자증권,한국투자증권,신영증권,에스케이증권,KB증권,현대차증권주식회사,유안타증권,KEB하나은행(구.하나은행),대신증권,하이투자증권,미래에셋생명보험,교보증권,NH농협은행,광주은행,삼성생명보험,DB금융투자,아이비케이투자증권",20201001,,202008031337
060000,202010,0010189,K55213B35200,한화자산운용,한화연금증권전환형투자신탁(국공채) 종류C,영업점,4,연금저축펀드,20010201,15534780435,411,채권형,4.37,,,3.34,4.49,-0.55,,"한화투자증권,아이비케이투자증권,KB증권,에스케이증권,케이티비투자증권",20201001,,202005041744
060000,202010,0010205,K55301BM7988,미래에셋자산운용,미래에셋평생소득TIF혼합자산자투자신탁종류C-P,"영업점,인터넷,스마트폰,모집인,전화(텔레뱅킹)",4,연금저축펀드,,76400000000,491,혼합자산,4.28,,,12.52,-4.72,3.64,,"미래에셋대우,KEB하나은행(구.하나은행),대신증권,한국투자증권,DB금융투자",20201001,,202010151101
060000,202010,0010205,K55301BV3135,미래에셋자산운용,미래에셋라이프사이클7090연금증권전환형자투자신탁1호(채권) 종류C,"영업점,인터넷,스마트폰,모집인,전화(텔레뱅킹)",4,연금저축펀드,,69783838810,411,채권형,4.23,,,3.13,4.08,0.07,,"미래에셋대우,KEB하나은행(구.하나은행),우리은행,미래에셋생명보험,삼성증권,신한금융투자,하나금융투자,대신증권,유안타증권,DB금융투자,NH농협은행,하이투자증권,KB증권,한화투자증권,키움증권,현대차증권주식회사,에스케이증권,교보증권,메리츠증권,전북은행,한국포스증권,스탠다드차타드은행,이베스트투자증권,케이티비투자증권",20201001,,202010151101
060000,202010,0010210,K55306C64259,다올자산운용 주식회사,KTB코넥스하이일드증권투자신탁[채권혼합] 종류C-P,"영업점,인터넷,스마트폰,모집인,전화(텔레뱅킹)",4,연금저축펀드,20180413,6300668916,441,혼합채권형,4.16,,,0.22,0.89,0.0,,"삼성증권,국민은행,한국투자증권,NH투자증권,유안타증권,하이투자증권,대신증권,신한금융투자,유진투자증권",20201001,,202009291123
060000,202010,0010189,K55213B35226,한화자산운용,한화연금증권전환형투자신탁(채권) 종류C,영업점,4,연금저축펀드,20010201,15165828535,411,채권형,4.14,,,3.0,3.55,-0.2,,"한화투자증권,아이비케이투자증권,KB증권",20201001,,202005041744
060000,202010,0010173,K55105BC8853,삼성자산운용,삼성 한국형 TDF 2020 증권투자신탁H[채권혼합-재간접형]_C-P,"영업점,인터넷,스마트폰,모집인",4,연금저축펀드,20160421,46242427336,461,재간접형,4.12,,,11.21,-4.26,8.0,,"삼성증권,KEB하나은행(구.하나은행),한국투자증권,미래에셋대우,국민은행,삼성생명보험,신한금융투자,유안타증권,NH투자증권,우리은행,대신증권,하나금융투자,신한은행,DB금융투자,한화투자증권,NH농협은행,KB증권,전북은행,키움증권",20201001,,202010071621
060000,202010,0010186,K55210BR6290,신한자산운용주식회사,신한BNPP마음편한TDF2025증권투자신탁[주식혼합-재간접형](종류C-p),영업점,4,연금저축펀드,20171011,5885352093,461,재간접형,4.04,,,11.61,-6.51,1.27,,"신한금융투자,삼성증권,KEB하나은행(구.하나은행),신한은행,한국투자증권,국민은행,우리은행,한화투자증권",20201001,,202010051651
060000,202010,0010173,K55105BH0996,삼성자산운용,삼성클래식아세안연금증권전환형자투자신탁 제1호[주식]_C,"영업점,인터넷,스마트폰,모집인",4,연금저축펀드,20160825,11507800820,421,주식형,4.0,,,5.72,-12.26,14.24,,"삼성증권,한국투자증권,KEB하나은행(구.하나은행),신한은행,삼성생명보험,미래에셋대우,NH투자증권,신한금융투자,하나금융투자,현대차증권주식회사,유안타증권,대신증권,에스케이증권,한화투자증권,메리츠증권,키움증권,아이비케이투자증권,한국포스증권,KB증권,미래에셋생명보험,DB금융투자",20201001,,202010161425
060000,202010,0010654,K55230BL0063,슈로더투자신탁운용,슈로더이머징위너스증권자투자신탁(주식혼합-재간접형)종류C-P,"영업점,인터넷",4,연금저축펀드,20170119,8653038796,461,재간접형,4.0,,,26.51,-20.1,22.04,10,"미래에셋대우,국민은행,신한은행,삼성증권,NH투자증권,한화투자증권,KEB하나은행(구.하나은행),기업은행,한국투자증권,현대차증권주식회사",20201001,,202010081440
060000,202010,0010175,KR5107AP4536,우리자산운용 주식회사,우리파워연금액티브증권전환형투자신탁1호(주식)ClassC,영업점,4,연금저축펀드,20061212,28693613514,421,주식형,3.91,,,15.66,-10.02,-3.93,,"유안타증권,DB금융투자",20201001,,202010051648
060000,202010,0010173,K55105BH7116,삼성자산운용,삼성 한국형 TDF 2015 증권투자신탁H[채권혼합-재간접형]_C-P,"영업점,인터넷,스마트폰,모집인",4,연금저축펀드,20161017,6974511027,461,재간접형,3.9,,,10.06,-3.7,6.91,,"삼성증권,미래에셋대우,한국투자증권,국민은행,하나금융투자,삼성생명보험,NH투자증권,신한금융투자,NH농협은행,에스케이증권",20201001,,202010071621
060000,202010,0011317,KR5232AV9485,엔에이치아문디자산운용주식회사,NH-Amundi 스마트인베스터 5.0 분할매수 증권투자신탁[주식혼합-재간접형]Class C-P1(연금저축),영업점,4,연금저축펀드,20140922,7590306949,461,재간접형,3.84,,,10.95,-13.96,10.73,,"NH투자증권,NH농협은행,기업은행",20201001,,202007311444
060000,202010,0010660,K55101BL2636,한국투자신탁운용,한국투자SSGA글로벌저변동성증권자투자신탁H(주식)(C-P),영업점,4,연금저축펀드,20170213,7112547709,421,주식형,3.83,,,16.71,-4.1,8.34,,한국투자증권,20201001,,202009251040
060000,202010,0011458,KR5235A52560,피델리티자산운용,피델리티연금아시아하이일드증권전환형자투자신탁(채권-재간접형)종류C,영업점,4,연금저축펀드,20110808,7411045387,461,재간접형,3.82,,,9.65,-5.82,5.68,,"미래에셋대우,한국투자증권,KEB하나은행(구.하나은행),우리은행,NH투자증권,신한금융투자,한화투자증권,아이비케이투자증권,KB증권,하나금융투자",20201001,,202010051152
060000,202010,0011988,K55368B35343,아이엠에셋자산운용,DGB 공모주플러스 증권투자신탁1호(채권혼합)C-P2e,영업점,4,연금저축펀드,20150622,5205294500,441,혼합채권형,3.71,,,0.92,3.01,6.16,,"NH투자증권,미래에셋대우,한국투자증권,삼성증권,한화투자증권,KB증권,하이투자증권,키움증권,하나금융투자,현대차증권주식회사,이베스트투자증권,유진투자증권,DB금융투자,에스케이증권",20201001,,202010051047
060000,202010,0010205,K55301BB7569,미래에셋자산운용,미래에셋하나1Q연금증권자투자신탁1호(주식혼합-재간접형)종류C,"영업점,인터넷,스마트폰,모집인,전화(텔레뱅킹)",4,연금저축펀드,,25434966422,461,재간접형,3.7,,,11.68,-10.06,9.65,,"하나금융투자,KEB하나은행(구.하나은행)",20201001,,202010151107
060000,202010,0010170,K55102B00605,하나자산운용,하나UBS 글로벌인프라 증권 자투자신탁[주식] 종류C-P,"영업점,인터넷,스마트폰,모집인,전화(텔레뱅킹)",4,연금저축펀드,20150224,5145220207,421,주식형,3.7,,,27.67,-8.21,7.1,,"KEB하나은행(구.하나은행),미래에셋대우,국민은행,삼성증권,NH투자증권,하나금융투자,신한은행,한국투자증권,한화투자증권,교보증권,키움증권,KB증권,기업은행,신영증권,신한금융투자,유진투자증권,NH농협은행,우리은행,한국포스증권,유안타증권,대신증권",20201001,,202009280935
060000,202010,0010205,K55301BC5232,미래에셋자산운용,미래에셋베트남증권자투자신탁1호(UH)(주식)종류C-Pe,"영업점,인터넷,스마트폰,모집인,전화(텔레뱅킹)",4,연금저축펀드,,5776092702,421,주식형,3.68,,,9.13,-8.16,37.51,,"미래에셋대우,한국포스증권,유안타증권,NH투자증권,KB증권,한화투자증권,키움증권,한국투자증권,하나금융투자,국민은행,신한금융투자,하이투자증권,NH농협은행,아이비케이투자증권",20201001,,202010151101
060000,202010,0010173,KR5105883122,삼성자산운용,삼성당신을위한신연금ACTIVE증권전환형자투자신탁 제1호[주식],"영업점,인터넷,스마트폰,모집인",4,연금저축펀드,20081125,22520818590,421,주식형,3.68,,,7.71,-15.6,20.31,,"삼성증권,NH투자증권,교보증권,케이티비투자증권,한국포스증권",20201001,,202010161425
060000,202010,0010175,KR5107AP4551,우리자산운용 주식회사,우리파워연금액티브60증권전환형투자신탁1호(주식혼합)ClassC,영업점,4,연금저축펀드,20010203,6877830641,431,혼합주식형,3.67,,,10.76,-5.23,-2.67,,유안타증권,20201001,,202010051648
060000,202010,0010205,KR5301AT1979,미래에셋자산운용,미래에셋글로벌다이나믹연금증권전환형자투자신탁1호(채권)종류C,"영업점,인터넷,스마트폰,모집인,전화(텔레뱅킹)",4,연금저축펀드,,229000000000,411,채권형,3.66,,,7.52,-1.08,2.82,,"미래에셋대우,KEB하나은행(구.하나은행),미래에셋생명보험,한국투자증권,한화투자증권,삼성증권,NH투자증권,우리은행,DB금융투자,신한금융투자,신한은행,에스케이증권,NH농협은행,대신증권,유안타증권,기업은행,키움증권,KB증권,하이투자증권,메리츠증권,교보증권,현대차증권주식회사,이베스트투자증권,경남은행,삼성생명보험",20201001,,202010151059
060000,202010,0010182,K55206B62273,키움투자자산운용,키움공모주스마트채움플러스증권투자신탁제1호[채권혼합]C-P,영업점,4,연금저축펀드,20150817,5277132293,441,혼합채권형,3.65,,,4.15,0.24,3.0,,NH투자증권,20201001,,202010050917
060000,202010,0011317,K55232BS9230,엔에이치아문디자산운용주식회사,NH-Amundi 대한민국 업종대표주 연금 증권 전환형 자투자신탁[주식]C-P1,영업점,4,연금저축펀드,20101004,17368028773,421,주식형,3.61,,,9.23,-19.02,26.05,,"NH농협은행,NH투자증권",20201001,,202007311420
060000,202010,0010214,KR5303AP3357,마이다스에셋자산운용,마이다스 월드 In Best 연금 증권 자투자신탁 (주식-재간접형)C1,"영업점,인터넷,스마트폰,모집인,전화(텔레뱅킹)",4,연금저축펀드,20140224,32852310578,461,재간접형,3.6,,,16.67,-22.73,9.07,,"NH농협은행,KB증권",20201001,,202010051034
060000,202010,0011959,KR5363AH8445,트러스톤자산운용,트러스톤제갈공명연금저축증권자투자신탁[주식]C클래스,"영업점,인터넷,스마트폰,모집인,전화(텔레뱅킹)",4,연금저축펀드,20130510,6896327038,421,주식형,3.6,,,10.18,-14.84,22.85,,"KB증권,삼성증권,KEB하나은행(구.하나은행),미래에셋대우,유안타증권,NH투자증권,신한은행,광주은행,한국투자증권,유진투자증권",20201001,,202010191526
060000,202010,0010173,K55105BG6937,삼성자산운용,삼성클래식연금증권전환형자투자신탁 제1호[주식]_C,"영업점,인터넷,스마트폰,모집인",4,연금저축펀드,20160821,30603346243,421,주식형,3.58,,,7.88,-16.32,20.93,,"삼성증권,삼성생명보험,KEB하나은행(구.하나은행),미래에셋대우,신한은행,현대차증권주식회사,KB증권,유안타증권,에스케이증권,한국투자증권,국민은행,우리은행,하나금융투자,교보증권,NH투자증권,대신증권,메리츠증권,신한금융투자,아이비케이투자증권,미래에셋생명보험,이베스트투자증권,DB금융투자,키움증권",20201001,,202010071621
060000,202010,0011317,KR5232AY2032,엔에이치아문디자산운용주식회사,NH-Amundi 모아모아30 증권투자신탁[채권혼합]ClassC-P1(연금저축),영업점,4,연금저축펀드,20150102,7511473702,441,혼합채권형,3.55,,,3.93,-2.99,7.57,,"NH투자증권,NH농협은행,한국투자증권,KB증권",20201001,,202009291518
060000,202010,0010186,K55210CE4901,신한자산운용주식회사,신한BNPPH2O글로벌본드증권투자신탁(H)[채권혼합-파생재간접형](종류C-p),영업점,4,연금저축펀드,20181031,7595138120,462,재간접파생형,3.54,,,12.96,16.08,0.0,,"국민은행,미래에셋대우,KEB하나은행(구.하나은행),한화투자증권,신한금융투자,신한은행,유안타증권,삼성증권,KB증권,한국투자증권,대신증권,현대차증권주식회사,우리은행,하이투자증권,기업은행",20201001,,202010051651
060000,202010,0010205,K55301BV3093,미래에셋자산운용,미래에셋라이프사이클5060연금증권전환형자투자신탁1호(채권혼합) 종류C,"영업점,인터넷,스마트폰,모집인,전화(텔레뱅킹)",4,연금저축펀드,,13800000000,441,혼합채권형,3.49,,,4.71,-2.37,5.63,,"미래에셋대우,우리은행,미래에셋생명보험,대신증권,KEB하나은행(구.하나은행),신한금융투자,DB금융투자,삼성증권,에스케이증권,NH농협은행,현대차증권주식회사,한화투자증권,하이투자증권,유안타증권,교보증권,메리츠증권,케이티비투자증권,이베스트투자증권,한국포스증권,키움증권",20201001,,202010151107
060000,202010,0011988,K55368B35335,아이엠에셋자산운용,DGB 공모주플러스 증권투자신탁1호(채권혼합)C-P2,영업점,4,연금저축펀드,20150602,26164167137,441,혼합채권형,3.48,,,0.71,2.8,5.94,,"NH투자증권,한국투자증권,미래에셋대우,하이투자증권,KB증권,한화투자증권,DB금융투자,삼성증권,에스케이증권,하나금융투자,현대차증권주식회사,아이비케이투자증권",20201001,,202010051047
060000,202010,0010205,K55301BV3069,미래에셋자산운용,미래에셋라이프사이클4050연금증권전환형자투자신탁1호(주식혼합)종류C,"영업점,인터넷,스마트폰,모집인,전화(텔레뱅킹)",4,연금저축펀드,,244000000000,431,혼합주식형,3.43,,,6.46,-7.1,10.3,,"KEB하나은행(구.하나은행),미래에셋대우,우리은행,미래에셋생명보험,NH농협은행,에스케이증권,스탠다드차타드은행,전북은행,DB금융투자,신한금융투자,KB증권,한화투자증권,대신증권,하이투자증권,메리츠증권,키움증권,한국포스증권,삼성증권,교보증권,유안타증권,현대차증권주식회사",20201001,,202010151107
060000,202010,0010185,KR5209772841,신영자산운용,신영연금배당 증권 전환형 자투자신탁(주식),"영업점,인터넷,스마트폰,모집인,전화(텔레뱅킹)",4,연금저축펀드,20071218,116957575451,421,주식형,3.35,,,3.75,-14.36,17.92,,"한국투자증권,신영증권,미래에셋대우,삼성증권,신한은행,하나금융투자,유안타증권,KB증권,우리은행,DB금융투자,한국포스증권,NH투자증권,신한금융투자,한화투자증권,아이비케이투자증권,키움증권,교보증권,대신증권,미래에셋생명보험,이베스트투자증권,케이프투자증권",20201001,,202010141043
060000,202010,0010179,KR5203318948,대신자산운용,대신 밸런스 연금 증권 전환형투자신탁[주식혼합],영업점,4,연금저축펀드,20010402,6404853765,431,혼합주식형,3.33,,,-5.77,-11.77,17.87,,대신증권,20201001,,202009291537
060000,202010,0010205,K55301BC5984,미래에셋자산운용,미래에셋솔로몬장기국공채증권자투자신탁1호(채권)종류C-P,"영업점,인터넷,스마트폰,모집인,전화(텔레뱅킹)",4,연금저축펀드,,6382068395,411,채권형,3.32,,,2.97,5.69,-0.18,,"미래에셋대우,하나금융투자,삼성증권",20201001,,202010151107
060000,202010,0010205,KR5301AT1987,미래에셋자산운용,미래에셋글로벌다이나믹연금증권전환형자투자신탁1호(채권)종류C-e,"영업점,인터넷,스마트폰,모집인,전화(텔레뱅킹)",4,연금저축펀드,,42498328433,411,채권형,3.31,,,7.66,-0.78,2.89,,"미래에셋대우,삼성증권,한국투자증권,신한금융투자,KEB하나은행(구.하나은행),NH투자증권,기업은행,신한은행,유안타증권,키움증권,한화투자증권,DB금융투자,하이투자증권,KB증권,에스케이증권,현대차증권주식회사,메리츠증권",20201001,,202010151101
060000,202010,0010205,K55301BV3036,미래에셋자산운용,미래에셋라이프사이클3040연금증권전환형자투자신탁1호(주식혼합)종류C,"영업점,인터넷,스마트폰,모집인,전화(텔레뱅킹)",4,연금저축펀드,,66800000000,431,혼합주식형,3.3,,,7.47,-9.71,14.6,,"미래에셋대우,우리은행,미래에셋생명보험,KEB하나은행(구.하나은행),스탠다드차타드은행,NH농협은행,신한금융투자,메리츠증권,에스케이증권,대신증권,현대차증권주식회사,DB금융투자,삼성증권,이베스트투자증권,한화투자증권,키움증권,교보증권,유안타증권,하이투자증권,비엔케이투자증권,한국포스증권,케이티비투자증권",20201001,,202010151101
060000,202010,0010205,K55301AZ7422,미래에셋자산운용,미래에셋연금인디아업종대표증권자투자신탁1호(주식)종류C-Pe,"영업점,인터넷,스마트폰,모집인,전화(텔레뱅킹)",4,연금저축펀드,,5501828935,421,주식형,3.3,,,18.73,-10.33,27.21,,"미래에셋대우,한국포스증권,한국투자증권,하나금융투자,신한금융투자,유안타증권,대신증권,키움증권,KB증권,하이투자증권,광주은행",20201001,,202010151101
060000,202010,0011458,KR5235A52537,피델리티자산운용,피델리티연금이머징마켓증권전환형자투자신탁(채권-재간접형)종류C,영업점,4,연금저축펀드,20110808,8249300448,461,재간접형,3.28,,,12.18,-6.94,7.62,,"국민은행,한국투자증권,미래에셋대우,NH투자증권,우리은행,신한금융투자,KB증권,하나금융투자,KEB하나은행(구.하나은행)",20201001,,202010051147
060000,202010,0010173,KR5105AH8380,삼성자산운용,삼성코리아중기채권증권자투자신탁 제1호[채권]_C-P,"영업점,인터넷,스마트폰,모집인",4,연금저축펀드,20130509,6752588042,411,채권형,3.25,,,3.73,4.35,1.15,,"미래에셋대우,한국투자증권,삼성증권,키움증권",20201001,,202010071621
060000,202010,0011317,KR5232AT9828,엔에이치아문디자산운용주식회사,NH-Amundi 국채10년 인덱스 증권자[채권]Class C-P1(연금저축),영업점,4,연금저축펀드,20140926,16553710594,411,채권형,3.24,,,3.21,6.48,-1.32,,"NH투자증권,기업은행,한국투자증권,NH농협은행,KEB하나은행(구.하나은행),미래에셋대우,신영증권,신한금융투자,삼성증권,한국포스증권,한화투자증권,KB증권,키움증권,대신증권,교보증권,유안타증권,현대차증권주식회사",20201001,,202007311444
060000,202010,0010205,K55301BC5224,미래에셋자산운용,미래에셋베트남증권자투자신탁1호(UH)(주식)종류C-P,"영업점,인터넷,스마트폰,모집인,전화(텔레뱅킹)",4,연금저축펀드,,9625660186,421,주식형,3.22,,,8.67,-8.56,36.98,,"미래에셋대우,한화투자증권,KB증권,하나금융투자,교보증권,NH투자증권,한국투자증권,국민은행,신한금융투자,하이투자증권,유안타증권,NH농협은행,아이비케이투자증권",20201001,,202010151107
060000,202010,0011972,KR5365AW3627,케이씨지아이자산운용 주식회사,메리츠코리아증권투자신탁1호[주식]종류C-P,"영업점,인터넷,스마트폰,모집인,전화(텔레뱅킹)",4,연금저축펀드,20141008,69533475485,421,주식형,3.22,,,9.53,-15.65,17.09,,"한국투자증권,하나금융투자,NH투자증권,미래에셋대우,삼성증권,KEB하나은행(구.하나은행),한화투자증권,우리은행,현대차증권주식회사,하이투자증권,NH농협은행,신한은행,KB증권,DB금융투자,아이비케이투자증권,교보증권,메리츠증권,미래에셋생명보험,대신증권,유안타증권,신영증권,키움증권,유진투자증권,이베스트투자증권",20201001,,202010141505
060000,202010,0011459,KR5234AQ2360,아이비케이자산운용,IBK 평생설계 연금 증권 전환형자투자신탁[주식] C,영업점,4,연금저축펀드,20140312,27588757181,421,주식형,3.21,,,2.04,-22.52,28.12,,기업은행,20201001,,202009291452
060000,202010,0010186,KR5210AP8259,신한자산운용주식회사,신한BNPP해피라이프연금증권전환형자투자신탁제1호[채권](종류C1),영업점,4,연금저축펀드,20080625,17039709309,411,채권형,3.19,,,2.77,4.08,-0.25,,"신한은행,신한금융투자,KB증권,미래에셋대우,교보증권,에스케이증권,키움증권,이베스트투자증권,케이티비투자증권",20201001,,202010051651
060000,202010,0010186,KR5210AP8234,신한자산운용주식회사,신한BNPP해피라이프연금증권전환형자투자신탁제1호[주식혼합](종류C1),영업점,4,연금저축펀드,20080625,77964049378,431,혼합주식형,3.14,,,4.79,-12.03,7.13,,"신한금융투자,신한은행,미래에셋대우,KB증권,에스케이증권,광주은행,교보증권,경남은행,키움증권",20201001,,202010051651
060000,202010,0010205,K55301B32689,미래에셋자산운용,미래에셋고배당포커스30증권투자신탁1호(채권혼합)종류C-P,"영업점,인터넷,스마트폰,모집인,전화(텔레뱅킹)",4,연금저축펀드,,10288700259,441,혼합채권형,3.1,,,5.08,-3.41,7.01,,"KEB하나은행(구.하나은행),미래에셋대우,NH투자증권,한국투자증권,하나금융투자,삼성증권,에스케이증권,교보증권,광주은행,우리은행,DB금융투자,하이투자증권,유안타증권",20201001,,202010151103
060000,202010,0010170,KR5102314204,하나자산운용,하나UBS인Best연금증권자투자신탁(제1호)[채권],"영업점,인터넷,스마트폰,모집인,전화(텔레뱅킹)",4,연금저축펀드,20010201,62538173089,411,채권형,3.08,,,2.14,3.07,-0.6,,"하나금융투자,KEB하나은행(구.하나은행),신한금융투자,KB증권,한화투자증권,현대차증권주식회사,교보증권,하이투자증권,에스케이증권,DB금융투자,수협은행(구.수협중앙회),미래에셋대우,삼성생명보험,NH투자증권,우리은행,기업은행,유안타증권,이베스트투자증권,미래에셋생명보험,대신증권,아이비케이투자증권,신영증권,메리츠증권,유진투자증권,삼성증권,리딩투자증권,한국포스증권,한양증권,키움증권,케이티비투자증권",20201001,,202009280938
060000,202010,0010170,KR5102314352,하나자산운용,하나UBS인Best연금증권투자신탁(제1호)[국공채],"영업점,인터넷,스마트폰,모집인,전화(텔레뱅킹)",4,연금저축펀드,20010202,28740753737,411,채권형,3.08,,,2.06,3.01,-0.45,,"KEB하나은행(구.하나은행),하나금융투자,한화투자증권,미래에셋대우,에스케이증권,DB금융투자,하이투자증권,아이비케이투자증권,현대차증권주식회사,우리은행,수협은행(구.수협중앙회),NH투자증권,삼성생명보험,KB증권,신영증권,키움증권,유안타증권,미래에셋생명보험,삼성증권,케이티비투자증권,한국포스증권,이베스트투자증권",20201001,,202009280935
060000,202010,0010183,KR5207AH8742,교보악사자산운용,교보악사Tomorrow장기우량증권투자신탁K-1호(채권)ClassC-P2,영업점,4,연금저축펀드,20130426,8918165219,411,채권형,3.06,,,3.46,4.4,0.14,,"한국투자증권,신한금융투자,한화투자증권,삼성증권,하이투자증권,교보증권,신영증권,미래에셋대우,기업은행,에스케이증권,유안타증권,신한은행,하나금융투자,한국포스증권,KB증권,현대차증권주식회사,메리츠증권,대신증권,이베스트투자증권,키움증권,우리은행",20201001,,202010211447
060000,202010,0010173,K55105BH0962,삼성자산운용,삼성클래식60연금증권전환형자투자신탁 제1호[주식혼합]_C,"영업점,인터넷,스마트폰,모집인",4,연금저축펀드,20160825,5788062693,431,혼합주식형,3.04,,,4.99,-9.17,12.5,,"KEB하나은행(구.하나은행),삼성증권,삼성생명보험,신한은행,우리은행,하나금융투자,미래에셋대우,한국투자증권,유안타증권,현대차증권주식회사,대신증권,NH투자증권,메리츠증권,신한금융투자,이베스트투자증권,아이비케이투자증권,키움증권",20201001,,202010071621
060000,202010,0010205,KR5227359738,미래에셋자산운용,미래에셋연금증권투자신탁1호(채권혼합),"영업점,인터넷,스마트폰,모집인,전화(텔레뱅킹)",4,연금저축펀드,,26130763725,441,혼합채권형,3.0,,,3.06,-4.38,6.38,,"광주은행,미래에셋대우,전북은행,대신증권,교보증권",20201001,,202010161701
060000,202010,0010185,KR5209314016,신영자산운용,신영연금 증권 전환형 투자신탁(채권),"영업점,인터넷,스마트폰,모집인,전화(텔레뱅킹)",4,연금저축펀드,20010131,12789296512,411,채권형,3.0,,,1.64,1.77,0.59,,"신영증권,유안타증권,한국투자증권,아이비케이투자증권,삼성증권,미래에셋대우,한화투자증권,KB증권,NH투자증권,DB금융투자,한국포스증권,키움증권",20201001,,202009291343
060000,202010,0010199,KR5224AY0515,흥국자산운용(주),흥국멀티플레이30공모주증권자투자신탁[채권혼합]C-p,"영업점,인터넷,스마트폰,모집인,전화(텔레뱅킹)",4,연금저축펀드,20141126,16440262903,441,혼합채권형,2.99,,,0.45,3.77,7.62,,"한국투자증권,미래에셋대우,NH투자증권,하나금융투자,대신증권,하이투자증권,유안타증권,메리츠증권,KB증권,신영증권,유진투자증권,신한금융투자,삼성생명보험,현대차증권주식회사,키움증권,에스케이증권,신한은행,우리은행",20201001,,202010051638
060000,202010,0010205,K55301BB5811,미래에셋자산운용,미래에셋QV솔루션70증권투자신탁1호(주식혼합-재간접형)종류C-P,"영업점,인터넷,스마트폰,모집인,전화(텔레뱅킹)",4,연금저축펀드,,7877278824,461,재간접형,2.98,,,11.72,-13.8,15.09,,NH투자증권,20201001,,202010151107
060000,202010,0010660,KR5101AQ4556,한국투자신탁운용,한국투자골드플랜차이나연금증권전환형자투자신탁1호(주식)(C),영업점,4,연금저축펀드,20080527,19093924800,421,주식형,2.91,,,17.56,-24.13,42.52,,"한국투자증권,미래에셋대우,유안타증권,우리은행,NH투자증권,DB금융투자,삼성증권,하나금융투자,한화투자증권,현대차증권주식회사,교보증권,대신증권,에스케이증권,수협은행(구.수협중앙회),키움증권,이베스트투자증권,아이비케이투자증권,KB증권",20201001,,202009251040
060000,202010,0010198,KR5223AQ1761,KB자산운용,KB 연금 코차이나 증권 전환형 자투자신탁(주식) C,"영업점,인터넷,스마트폰,모집인,전화(텔레뱅킹)",4,연금저축펀드,20100709,9899664484,421,주식형,2.89,,,-100.0,-20.49,29.1,,"국민은행,미래에셋대우,삼성증권",20201001,,202010060941
060000,202010,0011972,KR5365156201,케이씨지아이자산운용 주식회사,메리츠코리아연금증권전환형자투자신탁1호[주식]종류C-1,"영업점,인터넷,스마트폰,모집인,전화(텔레뱅킹)",4,연금저축펀드,20091102,20693850736,421,주식형,2.85,,,9.21,-15.04,16.26,,"하나금융투자,신한금융투자,대신증권,유안타증권,광주은행,KB증권,에스케이증권,메리츠증권,이베스트투자증권",20201001,,202010221506
060000,202010,0010205,K55301B95256,미래에셋자산운용,미래에셋글로벌다이나믹플러스증권자투자신탁1호(채권)종류C-Pe,"영업점,인터넷,스마트폰,모집인,전화(텔레뱅킹)",4,연금저축펀드,,5585266725,411,채권형,2.83,,,7.2,-1.15,2.54,,"미래에셋대우,하나금융투자,국민은행,신한금융투자,한국포스증권,KEB하나은행(구.하나은행),NH투자증권,광주은행,기업은행,KB증권,신한은행,NH농협은행,키움증권,한화투자증권",20201001,,202010151107
060000,202010,0010205,K55301BV2673,미래에셋자산운용,미래에셋소비성장연금증권전환형자투자신탁1호(주식) 종류C,"영업점,인터넷,스마트폰,모집인,전화(텔레뱅킹)",4,연금저축펀드,,18086245108,421,주식형,2.8,,,5.18,-18.33,25.33,,"미래에셋대우,신한은행,미래에셋생명보험,삼성증권,유안타증권,한국포스증권,NH투자증권,한국투자증권,키움증권",20201001,,202010151107
060000,202010,0011644,KR5236AH2906,한국투자밸류자산운용,한국밸류10년투자증권투자신탁1호(채권혼합)(C-P),영업점,4,연금저축펀드,20130402,74121336125,441,혼합채권형,2.77,,,5.7,-3.51,2.01,,"KEB하나은행(구.하나은행),한국투자증권,NH투자증권,하나금융투자,미래에셋대우,우리은행,신한은행,삼성증권,광주은행,KB증권,신한금융투자,대신증권,NH농협은행,기업은행,DB금융투자,교보증권,한화투자증권,현대차증권주식회사,유안타증권,에스케이증권,신영증권,하이투자증권,국민은행,한국포스증권,유진투자증권,키움증권,메리츠증권,이베스트투자증권,케이프투자증권",20201001,,202010051504
060000,202010,0010205,K55301AZ7414,미래에셋자산운용,미래에셋연금인디아업종대표증권자투자신탁1호(주식)종류C-P,"영업점,인터넷,스마트폰,모집인,전화(텔레뱅킹)",4,연금저축펀드,,8316951405,421,주식형,2.73,,,18.18,-10.78,26.6,,"미래에셋대우,한국투자증권,하이투자증권,하나금융투자,대신증권,에스케이증권,유안타증권,유진투자증권,신한금융투자,KB증권,광주은행",20201001,,202010151107
060000,202010,0010205,K55301BB5910,미래에셋자산운용,미래에셋QV솔루션50증권투자신탁1호(채권혼합-재간접형)종류C-P,"영업점,인터넷,스마트폰,모집인,전화(텔레뱅킹)",4,연금저축펀드,,11852105507,461,재간접형,2.6,,,9.21,-9.99,11.63,,NH투자증권,20201001,,202010151101
060000,202010,0010205,KR5301AL2769,미래에셋자산운용,미래에셋글로벌다이나믹플러스증권자투자신탁1호(채권)종류C-P,"영업점,인터넷,스마트폰,모집인,전화(텔레뱅킹)",4,연금저축펀드,,34052626042,411,채권형,2.59,,,6.96,-1.59,2.51,,"미래에셋대우,한국투자증권,KEB하나은행(구.하나은행),우리은행,하나금융투자,국민은행,한화투자증권,NH투자증권,DB금융투자,신영증권,신한금융투자,광주은행,미래에셋생명보험,NH농협은행,신한은행,KB증권,유안타증권,아이비케이투자증권,기업은행,한국포스증권",20201001,,202010151101
060000,202010,0010205,KR5301AT2001,미래에셋자산운용,미래에셋글로벌인컴연금저축증권전환형자투자신탁1호(채권혼합)종류C,"영업점,인터넷,스마트폰,모집인,전화(텔레뱅킹)",4,연금저축펀드,,16326171362,441,혼합채권형,2.59,,,11.91,-4.44,2.52,,"미래에셋대우,국민은행,NH투자증권,하나금융투자,우리은행,에스케이증권,DB금융투자,미래에셋생명보험,NH농협은행,KB증권,신한금융투자,키움증권",20201001,,202010151105
060000,202010,0011458,KR5235AR7722,피델리티자산운용,피델리티글로벌멀티에셋인컴증권자투자신탁(채권혼합-재간접형)종류PRS,영업점,4,연금저축펀드,20140625,7693515154,461,재간접형,2.59,,,11.08,-4.04,6.49,,"KEB하나은행(구.하나은행),미래에셋대우,한국투자증권,NH투자증권,우리은행,신한금융투자,국민은행,DB금융투자,한화투자증권,하나금융투자,KB증권,현대차증권주식회사",20201001,,202010161546
060000,202010,0010205,KR5301AK4279,미래에셋자산운용,미래에셋배당과인컴증권자투자신탁(채권혼합)종류C-P,"영업점,인터넷,스마트폰,모집인,전화(텔레뱅킹)",4,연금저축펀드,,27728216685,441,혼합채권형,2.57,,,7.74,-7.12,7.39,,"미래에셋대우,NH투자증권,신한은행,한국투자증권,우리은행,신한금융투자,KB증권,대신증권,미래에셋생명보험,한화투자증권,NH농협은행,삼성생명보험,광주은행,한국포스증권,에스케이증권,이베스트투자증권,교보증권,키움증권,유안타증권",20201001,,202010151101
060000,202010,0011317,K55232B47999,엔에이치아문디자산운용주식회사,NH-Amundi 성장 중소형주 증권투자신탁[주식]Class C-P1(연금저축),영업점,4,연금저축펀드,20150713,9478790432,421,주식형,2.57,,,-0.66,-20.09,20.2,,"NH투자증권,한국투자증권,KEB하나은행(구.하나은행),국민은행,신한은행,NH농협은행,하나금융투자,삼성증권,현대차증권주식회사,한화투자증권,유안타증권,신한금융투자,KB증권,미래에셋대우,에스케이증권,우리은행,신영증권",20201001,,202009291513
060000,202010,0010175,KR5107AW5799,우리자산운용 주식회사,우리하이플러스채권증권자투자신탁1호(채권)ClassC-P1,영업점,4,연금저축펀드,20141110,78453586912,411,채권형,2.55,,,1.79,2.6,2.84,,"KEB하나은행(구.하나은행),NH투자증권,신한은행,우리은행,미래에셋대우,하나금융투자,신한금융투자,유안타증권,한국투자증권,NH농협은행,대신증권,국민은행,에스케이증권,한화투자증권,키움증권,기업은행,현대차증권주식회사,유진투자증권,한국포스증권",20201001,,202010051648
060000,202010,0010205,K55301BB5415,미래에셋자산운용,미래에셋참신한리밸런싱연금저축증권투자신탁1호(채권혼합-재간접형)종류C,"영업점,인터넷,스마트폰,모집인,전화(텔레뱅킹)",4,연금저축펀드,,9635398413,461,재간접형,2.54,,,7.49,-8.82,7.23,,신한금융투자,20201001,,202010051433
060000,202010,0011317,KR5232AY1935,엔에이치아문디자산운용주식회사,NH-Amundi 모아모아15 증권투자신탁[채권혼합]ClassC-P1(연금저축),영업점,4,연금저축펀드,20150107,5516720496,441,혼합채권형,2.53,,,2.48,0.87,2.99,,"NH투자증권,NH농협은행",20201001,,202007311444
060000,202010,0010205,KR5301AK5995,미래에셋자산운용,미래에셋배당프리미엄연금저축증권전환형자투자신탁1호(주식혼합)종류C-e,"영업점,인터넷,스마트폰,모집인,전화(텔레뱅킹)",4,연금저축펀드,,16103706062,431,혼합주식형,2.48,,,8.97,-12.66,14.01,,"미래에셋대우,삼성증권,하나금융투자,NH투자증권,국민은행,KEB하나은행(구.하나은행),KB증권,신한금융투자,한국투자증권,대신증권,유안타증권,기업은행,키움증권,신한은행,한화투자증권,하이투자증권,현대차증권주식회사,교보증권,광주은행,이베스트투자증권,에스케이증권,아이비케이투자증권",20201001,,202010151107
060000,202010,0010199,K55224BT0568,흥국자산운용(주),흥국멀티플레이증권자투자신탁4호[채권]C-pe,"영업점,인터넷,스마트폰,모집인,전화(텔레뱅킹)",4,연금저축펀드,20170802,10037621146,411,채권형,2.47,,,2.91,3.11,1.64,,"삼성증권,미래에셋대우,하나금융투자,한국투자증권,키움증권,KEB하나은행(구.하나은행),KB증권,유안타증권,국민은행,우리은행,유진투자증권,NH투자증권,에스케이증권,아이비케이투자증권,DB금융투자",20201001,,202010061056
060000,202010,0010199,KR5224AI1802,흥국자산운용(주),흥국 멀티플레이증권자투자신탁4호[채권]C-p,"영업점,인터넷,스마트폰,모집인,전화(텔레뱅킹)",4,연금저축펀드,20131128,50514388704,411,채권형,2.45,,,2.91,3.02,1.69,,"미래에셋대우,삼성증권,하나금융투자,한국투자증권,KEB하나은행(구.하나은행),광주은행,에스케이증권,삼성생명보험,신한금융투자,DB금융투자,국민은행,KB증권,현대차증권주식회사,대신증권,NH투자증권,하이투자증권,아이비케이투자증권,키움증권",20201001,,202010051638
060000,202010,0010205,K55301BV2996,미래에셋자산운용,미래에셋라이프사이클2030연금증권전환형자투자신탁1호(주식) 종류C,"영업점,인터넷,스마트폰,모집인,전화(텔레뱅킹)",4,연금저축펀드,,193000000000,421,주식형,2.39,,,9.6,-16.23,21.92,,"미래에셋대우,우리은행,미래에셋생명보험,광주은행,에스케이증권,스탠다드차타드은행,KEB하나은행(구.하나은행),전북은행,메리츠증권,NH농협은행,대신증권,현대차증권주식회사,DB금융투자,신한금융투자,유안타증권,하이투자증권,한화투자증권,키움증권,삼성증권,한국포스증권",20201001,,202010151059
060000,202010,0010172,K55104B00957,브이아이자산운용 주식회사,브이아이 공모주 플러스 10 증권 투자신탁 1호[채권혼합] CP2,"영업점,인터넷,스마트폰",4,연금저축펀드,20150305,5356117995,441,혼합채권형,2.39,,,0.63,2.86,2.47,,"NH투자증권,미래에셋대우,에스케이증권,하이투자증권,하나금융투자,유안타증권,삼성생명보험,한국포스증권,아이비케이투자증권,한화투자증권",20201001,,202010051027
060000,202010,0011644,KR5236AY2996,한국투자밸류자산운용,한국밸류10년투자배당증권투자신탁(채권혼합)종류C-P,영업점,4,연금저축펀드,20141224,36485941773,441,혼합채권형,2.32,,,5.21,-5.25,3.69,,"미래에셋대우,한국투자증권,DB금융투자,NH투자증권,삼성증권,신한금융투자,유안타증권,하이투자증권,대신증권,KEB하나은행(구.하나은행),현대차증권주식회사,교보증권,KB증권,에스케이증권,메리츠증권,유진투자증권,NH농협은행,키움증권,한국포스증권,이베스트투자증권",20201001,,202010051504
060000,202010,0010660,K55101CH6251,한국투자신탁운용,한국투자크레딧포커스증권자투자신탁1호(채권)(C-P),영업점,4,연금저축펀드,20181211,6764275329,411,채권형,2.3,,,2.17,0.0,0.0,,"한국투자증권,신한은행,하나금융투자,대신증권,현대차증권주식회사,미래에셋대우,기업은행",20201001,,202009251040
060000,202010,0010198,KR5223AQ1746,KB자산운용,KB 연금 인덱스 증권 전환형 자투자신탁(주식) C,"영업점,인터넷,스마트폰,모집인,전화(텔레뱅킹)",4,연금저축펀드,20120529,12364479361,421,주식형,2.28,,,-100.0,-18.74,25.62,,"국민은행,한국투자증권,미래에셋대우,KB증권,삼성증권,에스케이증권,키움증권",20201001,,202010220942
060000,202010,0010660,KR5101AH3823,한국투자신탁운용,한국투자한국의힘증권자투자신탁1호(채권혼합)(C-P),영업점,4,연금저축펀드,20130416,6229623262,441,혼합채권형,2.25,,,2.76,-4.48,6.53,,"KEB하나은행(구.하나은행),한국투자증권,삼성증권,우리은행,NH투자증권,기업은행,하이투자증권,유안타증권,미래에셋대우,교보증권,신영증권,에스케이증권,KB증권,DB금융투자",20201001,,202009251040
060000,202010,0010198,KR5223AQ1704,KB자산운용,KB 연금 성장주 증권 전환형 자투자신탁(주식) C 클래스,"영업점,인터넷,스마트폰,모집인,전화(텔레뱅킹)",4,연금저축펀드,20100709,32521611880,421,주식형,2.24,,,-100.0,-17.11,26.69,,"국민은행,KB증권,한국투자증권,미래에셋대우,삼성증권,NH투자증권,키움증권",20201001,,202010060941
060000,202010,0010654,KR5230AR2504,슈로더투자신탁운용,슈로더유로연금증권자투자신탁(주식-재간접형)종류C,"영업점,인터넷",4,연금저축펀드,20140428,27137412161,461,재간접형,2.21,,,23.55,-17.23,15.02,10,"미래에셋대우,삼성증권,NH투자증권,한국투자증권,하나금융투자,신한금융투자,국민은행,한화투자증권,대신증권,KEB하나은행(구.하나은행),기업은행,KB증권,유안타증권,NH농협은행",20201001,,202010081440
060000,202010,0010205,KR5301AK5987,미래에셋자산운용,미래에셋배당프리미엄연금저축증권전환형자투자신탁1호(주식혼합)종류C,"영업점,인터넷,스마트폰,모집인,전화(텔레뱅킹)",4,연금저축펀드,,150000000000,431,혼합주식형,2.19,,,8.47,-13.05,13.53,,"미래에셋대우,KEB하나은행(구.하나은행),하나금융투자,한국투자증권,국민은행,삼성증권,NH투자증권,우리은행,한화투자증권,대신증권,DB금융투자,NH농협은행,KB증권,신한금융투자,신한은행,광주은행,유안타증권,하이투자증권,기업은행,미래에셋생명보험,에스케이증권,교보증권,현대차증권주식회사,삼성생명보험,신영증권,메리츠증권,아이비케이투자증권,전북은행",20201001,,202010051433
060000,202010,0010660,K55101CG7367,한국투자신탁운용,한국투자만기투자형증권투자신탁5호(채권)(C-P),영업점,4,연금저축펀드,20181130,5025835422,411,채권형,2.15,,,2.43,2.88,0.0,,"미래에셋대우,삼성증권",20201001,,202009251040
060000,202010,0010660,K55101BA9709,한국투자신탁운용,한국투자e단기채증권투자신탁(채권)(C-P),영업점,4,연금저축펀드,20160229,6234173900,411,채권형,2.11,,,2.1,2.42,1.83,,"한국투자증권,하나금융투자,KB증권,NH농협은행,우리은행,한화투자증권,전북은행,하이투자증권,기업은행,키움증권",20201001,,202009251040
060000,202010,0010198,KR5223AQ1720,KB자산운용,KB 연금 성장주50 증권 전환형 자투자신탁(채권혼합) C,"영업점,인터넷,스마트폰,모집인,전화(텔레뱅킹)",4,연금저축펀드,20100709,8872390522,441,혼합채권형,2.07,,,-100.0,-6.6,12.02,,"국민은행,한국투자증권,KB증권,미래에셋대우,에스케이증권,삼성증권,경남은행,키움증권",20201001,,202010060941
060000,202010,0011972,KR5365AX3873,케이씨지아이자산운용 주식회사,메리츠코리아증권투자신탁[채권혼합]종류C-P,"영업점,인터넷,스마트폰,모집인,전화(텔레뱅킹)",4,연금저축펀드,20150216,12975362663,441,혼합채권형,2.06,,,3.97,-3.62,5.52,,"KEB하나은행(구.하나은행),미래에셋대우,대신증권,NH투자증권,신한금융투자,한국투자증권,하나금융투자,NH농협은행,하이투자증권,한화투자증권,교보증권,아이비케이투자증권,현대차증권주식회사,광주은행,DB금융투자,메리츠증권,유안타증권,에스케이증권",20201001,,202010221506
060000,202010,0010190,K55214CD4791,유진자산운용,유진챔피언중단기채증권자투자신탁(채권) Class C-P,영업점,4,연금저축펀드,20180822,22309225592,411,채권형,2.05,,,2.17,3.01,0.0,,"국민은행,KEB하나은행(구.하나은행),대신증권,신한금융투자,한국투자증권,NH투자증권,현대차증권주식회사,우리은행,NH농협은행",20201001,,202010050939
060000,202010,0010190,K55214B30803,유진자산운용,유진챔피언단기채증권자투자신탁(채권) Class C-Pe,영업점,4,연금저축펀드,20170619,14476190770,411,채권형,2.04,,,1.96,2.27,1.93,,"삼성증권,NH투자증권,국민은행,신한금융투자,한국투자증권,미래에셋대우,KEB하나은행(구.하나은행),우리은행,대신증권,하나금융투자,신한은행,하이투자증권,유안타증권,키움증권,한화투자증권,KB증권,기업은행,메리츠증권,유진투자증권,이베스트투자증권,DB금융투자,케이티비투자증권",20201001,,202010050939
060000,202010,0010170,K55102C13358,하나자산운용,하나UBSPIMCO글로벌인컴혼합자산자투자신탁(H)[재간접형]ClassC-P2,"영업점,인터넷,스마트폰,모집인,전화(텔레뱅킹)",4,연금저축펀드,20180111,10054442259,491,혼합자산,2.04,,,5.89,-1.41,0.0,,"삼성생명보험,우리은행,삼성증권,신한은행,하나금융투자,KEB하나은행(구.하나은행),한화투자증권,한국투자증권,대구은행,현대차증권주식회사,NH투자증권,한화생명보험",20201001,,202009280935
060000,202010,0010170,K55102BU0349,하나자산운용,하나UBS 글로벌인프라 증권 자투자신탁[주식] 종류C-P2E,"영업점,인터넷,스마트폰,모집인,전화(텔레뱅킹)",4,연금저축펀드,20170818,7133101709,421,주식형,2.03,,,26.26,-8.51,0.0,,"KEB하나은행(구.하나은행),국민은행,신한은행,우리은행,미래에셋대우,삼성증권,한국투자증권,하나금융투자,현대차증권주식회사,NH농협은행,KB증권,한화생명보험,신한금융투자,교보생명보험,한화투자증권",20201001,,202009280935
060000,202010,0011999,KR5370AH3926,얼라이언스번스틴자산운용,AB글로벌고수익증권투자신탁(채권-재간접형)종류형C-P,"영업점,인터넷,스마트폰,모집인,전화(텔레뱅킹)",4,연금저축펀드,20090630,69660326953,461,재간접형,2.01,,,12.65,-6.49,5.22,,"미래에셋대우,한국투자증권,NH투자증권,국민은행,KEB하나은행(구.하나은행),우리은행,한화투자증권,DB금융투자,신한금융투자,하나금융투자,대신증권,유안타증권,하이투자증권,신영증권,KB증권,삼성증권,신한은행,키움증권,에스케이증권,메리츠증권,NH농협은행,교보증권,현대차증권주식회사,아이비케이투자증권,미래에셋생명보험",20201001,,202010051340
060000,202010,0011644,KR5236AP7384,한국투자밸류자산운용,한국밸류10년투자연금증권전환형투자신탁1호(채권) C,영업점,4,연금저축펀드,20110719,60127518425,411,채권형,1.98,,,1.83,2.19,0.58,,"한국투자증권,하나금융투자,NH투자증권,우리은행,삼성증권,미래에셋대우,KEB하나은행(구.하나은행),DB금융투자,신한금융투자,KB증권,기업은행,한화투자증권,현대차증권주식회사,대신증권,하이투자증권,유안타증권,삼성생명보험,교보증권,에스케이증권,미래에셋생명보험,키움증권,유진투자증권,아이비케이투자증권,이베스트투자증권,비엔케이투자증권,케이티비투자증권",20201001,,202010071434
060000,202010,0011459,K55234B00291,아이비케이자산운용,IBK 평생설계 연금증권 전환형 자투자신탁 [국공채] C,영업점,4,연금저축펀드,20150217,5856016774,411,채권형,1.97,,,2.37,2.65,-0.38,,기업은행,20201001,,202009291452
060000,202010,0010190,K55214B30035,유진자산운용,유진챔피언단기채증권자투자신탁(채권) Class C-P1,영업점,4,연금저축펀드,20160818,63961763142,411,채권형,1.96,,,1.86,2.17,1.99,,"국민은행,KEB하나은행(구.하나은행),미래에셋대우,우리은행,한국투자증권,삼성증권,신한금융투자,하이투자증권,NH투자증권,신한은행,대신증권,한화투자증권,하나금융투자,현대차증권주식회사,KB증권,삼성생명보험,기업은행,신영증권,유진투자증권",20201001,,202010131015
060000,202010,0011972,K55365C32906,케이씨지아이자산운용 주식회사,메리츠시니어증권자투자신탁[채권혼합-재간접형]종류C-Pe,영업점,4,연금저축펀드,20180329,6857481488,461,재간접형,1.83,,,8.28,-8.05,0.0,,"메리츠자산운용,한국포스증권,기업은행",20201001,,202010141505
060000,202010,0010173,K55105BG6812,삼성자산운용,삼성클래식30연금증권전환형자투자신탁 제1호[채권혼합]_C,"영업점,인터넷,스마트폰,모집인",4,연금저축펀드,20160821,13199320447,441,혼합채권형,1.73,,,2.87,-3.87,5.84,,"삼성증권,KEB하나은행(구.하나은행),삼성생명보험,미래에셋대우,국민은행,우리은행,한국투자증권,KB증권,현대차증권주식회사,신한은행,에스케이증권,유안타증권,대신증권,하나금융투자,NH투자증권,신한금융투자,제주은행,교보증권,미래에셋생명보험,이베스트투자증권,DB금융투자,한국포스증권,메리츠증권,키움증권,아이비케이투자증권",20201001,,202010071621
060000,202010,0010186,KR5210AP8218,신한자산운용주식회사,신한BNPP해피라이프연금증권전환형자투자신탁제1호[주식](종류C1),영업점,4,연금저축펀드,20080625,154833175942,421,주식형,1.72,,,7.16,-27.38,15.74,,"신한은행,신한금융투자,미래에셋대우,KB증권,교보증권,에스케이증권,NH투자증권,전북은행,키움증권",20201001,,202010051651
060000,202010,0010205,KR5301AQ3481,미래에셋자산운용,미래에셋연금저축스마트롱숏증권자투자신탁1호(주식혼합)종류C,"영업점,인터넷,스마트폰,모집인,전화(텔레뱅킹)",4,연금저축펀드,,11584975118,431,혼합주식형,1.67,,,0.06,-3.33,2.34,,"미래에셋대우,삼성증권,하나금융투자,한국투자증권,NH농협은행,NH투자증권,대신증권,KEB하나은행(구.하나은행),유안타증권,신한금융투자,미래에셋생명보험,DB금융투자,교보증권,현대차증권주식회사,키움증권",20201001,,202010190914
060000,202010,0010173,KR5105883411,삼성자산운용,삼성당신을위한신연금코리아증권전환형자투자신탁 제1호[채권],"영업점,인터넷,스마트폰,모집인",4,연금저축펀드,20081121,8922804078,411,채권형,1.64,,,1.51,1.46,0.58,,"삼성증권,NH투자증권,교보증권,한국포스증권,케이티비투자증권",20201001,,202010071621
060000,202010,0010198,KR5223AQ1621,KB자산운용,KB 연금 국내채권 증권 전환형 자투자신탁(채권) C,"영업점,인터넷,스마트폰,모집인,전화(텔레뱅킹)",4,연금저축펀드,20100709,41536367939,411,채권형,1.59,,,-100.0,4.27,-0.27,,"국민은행,한국투자증권,에스케이증권,KB증권,미래에셋대우,삼성증권,대신증권,삼성생명보험,경남은행,키움증권,이베스트투자증권",20201001,,202010060941
060000,202010,0010660,KR5101AP4821,한국투자신탁운용,한국투자신종개인용MMF3호(S-P),영업점,4,연금저축펀드,20140422,6742597598,4EE,단기금융(MMF),1.58,,,1.71,1.76,1.43,,한국포스증권,20201001,,202009251040
060000,202010,0010192,KR5216AH3569,DB자산운용주식회사,DBNEW해오름신종MMF제3호ClassC-P,"영업점,인터넷,스마트폰,모집인,전화(텔레뱅킹)",4,연금저축펀드,20130402,62543550396,4EE,단기금융(MMF),1.54,,,1.61,1.69,1.36,,"한국투자증권,하나금융투자,신한금융투자,NH투자증권,신영증권,NH농협은행,DB금융투자,에스케이증권,한화투자증권,한국포스증권,KB증권",20201001,,202010262103
060000,202010,0010182,KR5206755559,키움투자자산운용,키움 행복연금 코리아인덱스 증권 전환형 자투자신탁 제1호[주식],영업점,4,연금저축펀드,20071101,12197349357,421,주식형,1.51,,,13.08,-8.34,-4.67,,"NH투자증권,우리은행,에스케이증권,케이프투자증권,경남은행,KB증권,키움증권",20201001,,202010050917
060000,202010,0010660,KR5101AH3542,한국투자신탁운용,한국투자신종개인용MMF3호(C-P),영업점,4,연금저축펀드,20130404,66539750137,4EE,단기금융(MMF),1.49,,,1.58,1.63,1.29,,"한국투자증권,미래에셋대우,메리츠증권,하이투자증권,유안타증권,현대차증권주식회사,유진투자증권,전북은행,NH투자증권",20201001,,202010051005
060000,202010,0010215,K55311B85058,플러스자산운용,Plus 신종 개인용 MMF2호 종류 C-p1(연금저축),"영업점,모집인,전화(텔레뱅킹)",4,연금저축펀드,20151123,44236861656,4EE,단기금융(MMF),1.48,,,1.59,1.62,1.3,,"미래에셋대우,한국투자증권,하나금융투자,에스케이증권,KB증권,하이투자증권,키움증권,교보증권,메리츠증권,아이비케이투자증권,NH농협은행",20201001,,202010051422
060000,202010,0011459,K55234B37319,아이비케이자산운용,IBK 공모주 채움 증권 투자신탁 제1호[채권혼합] C-P,영업점,4,연금저축펀드,20150612,10179331830,441,혼합채권형,1.44,,,1.5,0.26,0.89,,NH투자증권,20201001,,202009291450
060000,202010,0010173,K55105BH0830,삼성자산운용,삼성클래식연금증권전환형투자신탁 제1호[채권]_C,"영업점,인터넷,스마트폰,모집인",4,연금저축펀드,20160825,47755656146,411,채권형,1.41,,,1.57,1.89,0.22,,"삼성증권,KEB하나은행(구.하나은행),삼성생명보험,미래에셋대우,한국투자증권,하나금융투자,KB증권,에스케이증권,현대차증권주식회사,신한은행,유안타증권,NH투자증권,신한금융투자,대신증권,우리은행,DB금융투자,이베스트투자증권,키움증권,교보증권,메리츠증권,미래에셋생명보험",20201001,,202010071621
060000,202010,0010170,KR5102AI9364,하나자산운용,하나UBS신종MMF(S-26호)ClassC-P,"영업점,인터넷,스마트폰,모집인,전화(텔레뱅킹)",4,연금저축펀드,20130710,64827705349,4EE,단기금융(MMF),1.41,,,1.54,1.56,1.23,,"KEB하나은행(구.하나은행),하나금융투자,유안타증권",20201001,,202009280935
060000,202010,0010199,KR5224AX9020,흥국자산운용(주),흥국플래티넘개인용MMF1호C-p,"영업점,인터넷,스마트폰,모집인,전화(텔레뱅킹)",4,연금저축펀드,20141212,51245195438,4EE,단기금융(MMF),1.39,,,1.57,1.6,1.36,,"미래에셋대우,하나금융투자,신한금융투자,한국포스증권,교보증권,삼성생명보험",20201001,,202010061056
060000,202010,0010205,K55301B80738,미래에셋자산운용,미래에셋국공채전용MMFA1호(국공채)종류C-P,"영업점,인터넷,스마트폰,모집인,전화(텔레뱅킹)",4,연금저축펀드,,163000000000,4EE,단기금융(MMF),1.33,,,1.62,1.51,1.22,,"미래에셋대우,대신증권",20201001,,202010151101
060000,202010,0011317,KR5232AL4983,엔에이치아문디자산운용주식회사,NH-Amundi개인신종MMF1호 ClassC-P,영업점,4,연금저축펀드,20131105,69897633619,4EE,단기금융(MMF),1.32,,,1.48,1.43,1.12,,"NH투자증권,NH농협은행,에스케이증권,교보증권,한국포스증권",20201001,,202009291513
060000,202010,0010182,KR5206AH3447,키움투자자산운용,키움 프런티어 개인용 MMF 제1호[국공채] C-P,영업점,4,연금저축펀드,20130423,27558494935,4EE,단기금융(MMF),1.32,,,0.65,1.28,1.09,,"우리은행,NH투자증권,광주은행,키움증권,케이프투자증권,한국포스증권,전북은행,DB금융투자,이베스트투자증권",20201001,,202010050909
060000,202010,0010185,KR5209719412,신영자산운용,신영연금30 증권 전환형 투자신탁(채권혼합),"영업점,인터넷,스마트폰,모집인,전화(텔레뱅킹)",4,연금저축펀드,20070727,6478647915,441,혼합채권형,1.31,,,2.26,-4.57,5.33,,"하나금융투자,미래에셋대우,신영증권,KB증권,한국투자증권,삼성증권,신한금융투자,DB금융투자,유안타증권,한화투자증권,NH투자증권,키움증권,한국포스증권",20201001,,202010141043
060000,202010,0010170,KR5102AL2679,하나자산운용,하나UBS클래스원신종MMF(S-36호)ClassC-P,"영업점,인터넷,스마트폰,모집인,전화(텔레뱅킹)",4,연금저축펀드,20131018,98692195059,4EE,단기금융(MMF),1.24,,,1.38,1.42,1.1,,KEB하나은행(구.하나은행),20201001,,202009280935
060000,202010,0010173,KR5105AH8398,삼성자산운용,삼성신종MMF종류형제D2호(C-P),"영업점,인터넷,스마트폰,모집인",4,연금저축펀드,20130521,206871891333,4EE,단기금융(MMF),1.23,,,1.36,1.36,1.03,,"삼성증권,신한은행,미래에셋대우,대신증권,한국포스증권",20201001,,202010071621
060000,202010,0011459,KR5234AJ0488,아이비케이자산운용,IBK 그랑프리 국공채MMF 개인 투자신탁 제1호[국공채]종류C-P,영업점,4,연금저축펀드,20131015,10431555975,4EE,단기금융(MMF),1.2,,,1.37,1.36,1.04,,"기업은행,신영증권,아이비케이투자증권",20201001,,202009291452
060000,202010,0011644,KR5236AP7368,한국투자밸류자산운용,한국밸류10년투자연금증권전환형투자신탁1호(주식) C,영업점,4,연금저축펀드,20070319,513759723075,421,주식형,1.18,,,-2.23,-15.87,12.41,,"한국투자증권,하나금융투자,NH투자증권,미래에셋대우,삼성증권,한화투자증권,신한금융투자,KB증권,DB금융투자,기업은행,현대차증권주식회사,유안타증권,우리은행,국민은행,교보증권,KEB하나은행(구.하나은행),대신증권,광주은행,하이투자증권,신한은행,NH농협은행,에스케이증권,스탠다드차타드은행,키움증권,삼성생명보험,아이비케이투자증권,미래에셋생명보험,이베스트투자증권,신영증권,경남은행,메리츠증권,유진투자증권,케이프투자증권,케이티비투자증권,전북은행,비엔케이투자증권",20201001,,202010071436
060000,202010,0010205,K55301BW1617,미래에셋자산운용,미래에셋국공채전용MMFA1호(국공채) 종류C-Pe,"영업점,인터넷,스마트폰,모집인,전화(텔레뱅킹)",4,연금저축펀드,,77300000000,4EE,단기금융(MMF),1.17,,,1.62,1.77,0.0,,"미래에셋대우,케이티비투자증권",20201001,,202010151101
060000,202010,0010205,K55301CH3231,미래에셋자산운용,미래에셋스마트알파증권자투자신탁(채권혼합) 종류C-P,"영업점,인터넷,스마트폰,모집인,전화(텔레뱅킹)",4,연금저축펀드,,9156465586,441,혼합채권형,1.16,,,1.09,0.0,0.0,,"미래에셋대우,KEB하나은행(구.하나은행),하나금융투자",20201001,,202010151059
060000,202010,0010170,KR5102644667,하나자산운용,하나UBSFirstClass연금증권투자신탁(제1호)[주식혼합],"영업점,인터넷,스마트폰,모집인,전화(텔레뱅킹)",4,연금저축펀드,20070125,10217466520,431,혼합주식형,1.16,,,2.2,-12.13,11.79,,하나금융투자,20201001,,202009280935
060000,202010,0010205,KR5301AK8254,미래에셋자산운용,미래에셋개인전용MMF1호(국공채)종류C-P,"영업점,인터넷,스마트폰,모집인,전화(텔레뱅킹)",4,연금저축펀드,,82291553284,4EE,단기금융(MMF),1.14,,,1.31,1.26,1.0,,"미래에셋대우,KEB하나은행(구.하나은행),대신증권,우리은행,광주은행,미래에셋생명보험,키움증권,전북은행,현대차증권주식회사,유안타증권",20201001,,202010151107
060000,202010,0010205,K55301BU4175,미래에셋자산운용,미래에셋개인전용MMF1호(국공채)종류C-Pe,"영업점,인터넷,스마트폰,모집인,전화(텔레뱅킹)",4,연금저축펀드,,18112795294,4EE,단기금융(MMF),1.14,,,1.42,1.4,1.15,,"미래에셋대우,우리은행,대신증권,KEB하나은행(구.하나은행),키움증권,한국포스증권,전북은행,광주은행,현대차증권주식회사,유진투자증권",20201001,,202010151101
060000,202010,0010204,KR5229AM1017,이스트스프링자산운용코리아,이스트스프링개인신종MMF제1호[국공채]클래스C-P2(연금저축),영업점,4,연금저축펀드,20131018,33766240029,4EE,단기금융(MMF),1.14,,,1.28,1.27,1.01,,KEB하나은행(구.하나은행),20201001,,202009291744
060000,202010,0010186,KR5210AI1980,신한자산운용주식회사,신한BNPPBEST개인용MMF제1호(종류C-p),영업점,4,연금저축펀드,20131104,12300772171,4EE,단기금융(MMF),1.09,,,1.25,1.21,0.9,,신한은행,20201001,,202010051651
060000,202010,0010189,K55213B39301,한화자산운용,한화 공모주채움플러스 증권투자신탁(채권혼합) 종류C-P(연금저축),영업점,4,연금저축펀드,20150601,23547442356,441,혼합채권형,1.05,,,1.26,-0.19,1.52,,NH투자증권,20201001,,202005041744
060000,202010,0011959,KR5363AH7926,트러스톤자산운용,트러스톤다이나믹코리아50연금저축증권자투자신탁[주식혼합]C클래스,"영업점,인터넷,스마트폰,모집인,전화(텔레뱅킹)",4,연금저축펀드,20130430,6467061258,431,혼합주식형,0.96,,,6.13,-4.56,6.51,,"KEB하나은행(구.하나은행),삼성증권,신한금융투자,미래에셋대우,NH투자증권,하나금융투자,하이투자증권,KB증권,한국투자증권,삼성생명보험,현대차증권주식회사,한화투자증권,우리은행,유안타증권,대신증권,에스케이증권",20201001,,202010071351
060000,202010,0010211,K55307BC6945,유리자산운용,유리베트남알파연금저축증권자투자신탁[주식]_C/C-e,"영업점,인터넷,스마트폰,모집인,전화(텔레뱅킹)",4,연금저축펀드,20160713,5263399398,421,주식형,0.46,,,2.2,15.56,35.27,,"KEB하나은행(구.하나은행),하나금융투자,NH투자증권,한국투자증권,현대차증권주식회사,KB증권",20201001,,202010261015
060000,202010,0010170,KR5102644675,하나자산운용,하나UBSFirstClass연금증권자투자신탁(제1호)[주식],"영업점,인터넷,스마트폰,모집인,전화(텔레뱅킹)",4,연금저축펀드,20070125,29599741006,421,주식형,0.44,,,2.9,-19.88,19.62,,하나금융투자,20201001,,202009280938
060000,202010,0010185,KR5209AU8594,신영자산운용,신영고배당30증권투자신탁(채권혼합)C-P형,"영업점,인터넷,스마트폰,모집인,전화(텔레뱅킹)",4,연금저축펀드,20140820,12605126738,441,혼합채권형,0.32,,,2.69,-4.77,5.38,,"대신증권,KEB하나은행(구.하나은행),신영증권,삼성증권,한국투자증권,하나금융투자,신한은행,NH투자증권,현대차증권주식회사,교보증권,하이투자증권,에스케이증권,유진투자증권,메리츠증권,KB증권,우리은행",20201001,,202010141043
060000,202010,0010660,KR5101AH2890,한국투자신탁운용,한국투자중소밸류증권자투자신탁(주식)(C-P),영업점,4,연금저축펀드,20130410,5743404218,421,주식형,0.32,,,15.46,-24.64,14.9,,"한국투자증권,삼성증권,NH투자증권,우리은행,현대차증권주식회사,KB증권,신한금융투자,키움증권,하나금융투자,유안타증권,한화투자증권,대신증권,기업은행",20201001,,202009251040
060000,202010,0010186,K55210BJ7058,신한자산운용주식회사,신한BNPP커버드콜인덱스증권자투자신탁[주식혼합-파생형](종류C-p),영업점,4,연금저축펀드,20161130,6632920858,432,혼합주식파생형,0.27,,,2.67,-5.56,5.67,,"한국투자증권,신한은행,하나금융투자,우리은행,KEB하나은행(구.하나은행),대신증권,신영증권,신한금융투자,현대차증권주식회사,한화투자증권,NH투자증권,유진투자증권,광주은행,NH농협은행,에스케이증권",20201001,,202010051651
060000,202010,0010205,K55301BC5356,미래에셋자산운용,미래에셋베트남증권자투자신탁1호(H-USD)(주식-파생형)종류C-P,"영업점,인터넷,스마트폰,모집인,전화(텔레뱅킹)",4,연금저축펀드,,12767234455,422,주식파생형,0.2,,,4.58,-12.89,46.32,,"미래에셋대우,한화투자증권,하나금융투자,KB증권,한국투자증권,하이투자증권,NH투자증권,NH농협은행,우리은행,기업은행,대신증권",20201001,,202010151059
060000,202010,0010185,KR5209772833,신영자산운용,신영연금가치 증권 전환형 자투자신탁(주식),"영업점,인터넷,스마트폰,모집인,전화(텔레뱅킹)",4,연금저축펀드,20071218,17718937301,421,주식형,0.19,,,5.24,-18.58,13.62,,"신영증권,미래에셋대우,하나금융투자,삼성증권,한국투자증권,KB증권,유안타증권,아이비케이투자증권,한화투자증권,NH투자증권,DB금융투자,케이프투자증권,한국포스증권,키움증권,미래에셋생명보험",20201001,,202009291343
060000,202010,0010660,KR5101AQ4523,한국투자신탁운용,한국투자골드플랜네비게이터연금증권전환형투자신탁1호(주식)(C),영업점,4,연금저축펀드,20080312,134483000000,421,주식형,0.12,,,7.79,-20.62,18.15,,"한국투자증권,유안타증권,제주은행,수협은행(구.수협중앙회),DB금융투자,KEB하나은행(구.하나은행),국민은행,미래에셋대우,하나금융투자,NH투자증권,신한은행,우리은행,현대차증권주식회사,한화투자증권,NH농협은행,삼성증권,신한금융투자,스탠다드차타드은행,대신증권,키움증권,에스케이증권,KB증권,하이투자증권,유진투자증권,교보증권,삼성생명보험,경남은행,이베스트투자증권",20201001,,202009251040
060000,202010,0011999,K55370BU1979,얼라이언스번스틴자산운용,AB글로벌고수익증권투자신탁(채권-재간접형)종류형Ce-P,"영업점,인터넷,스마트폰,모집인,전화(텔레뱅킹)",4,연금저축펀드,20090630,10527782110,461,재간접형,0.11,,,12.4,-7.71,1.56,,"미래에셋대우,NH투자증권,삼성증권,KEB하나은행(구.하나은행),국민은행,한국투자증권,키움증권,신한금융투자,신한은행,유안타증권,대신증권,한화투자증권,하나금융투자,KB증권,현대차증권주식회사,DB금융투자,유진투자증권,에스케이증권,아이비케이투자증권",20201001,,202010211321
060000,202010,0010185,KR5209AH1422,신영자산운용,신영마라톤증권자투자신탁(주식)C-P형,"영업점,인터넷,스마트폰,모집인,전화(텔레뱅킹)",4,연금저축펀드,20130408,121594441975,421,주식형,-1.13,,,3.65,-15.58,19.76,,"KEB하나은행(구.하나은행),한국투자증권,신영증권,하나금융투자,미래에셋대우,삼성증권,NH투자증권,국민은행,신한금융투자,NH농협은행,대신증권,한화투자증권,교보증권,기업은행,유안타증권,현대차증권주식회사,하이투자증권,KB증권,에스케이증권,메리츠증권,키움증권,한국포스증권,DB금융투자,미래에셋생명보험,이베스트투자증권,신한은행,비엔케이투자증권",20201001,,202010141043
060000,202010,0010204,KR5229AY2847,이스트스프링자산운용코리아,이스트스프링미국뱅크론특별자산자투자신탁(H)[대출채권-재간접형]클래스C-P2(연금저축),영업점,4,연금저축펀드,20141215,8648295990,481,특별자산,-1.23,,,3.77,-2.54,0.65,,"KEB하나은행(구.하나은행),미래에셋대우,DB금융투자,한국투자증권,대신증권,NH투자증권,삼성증권,하나금융투자,에스케이증권,우리은행,신한금융투자,유안타증권,한화투자증권,키움증권",20201001,,202009291739
060000,202010,0010660,K55101BF4184,한국투자신탁운용,한국투자연금베트남그로스증권자투자신탁(주식)(C-e),영업점,4,연금저축펀드,20160720,11812575911,421,주식형,-1.33,,,2.25,-15.55,47.33,,"미래에셋대우,한국투자증권,삼성증권,대신증권,KB증권,키움증권,유안타증권,NH농협은행,한화투자증권,현대차증권주식회사,유진투자증권,전북은행",20201001,,202009251040
060000,202010,0010185,K55209B89593,신영자산운용,신영밸류고배당40증권자투자신탁(채권혼합)C-P형,"영업점,인터넷,스마트폰,모집인,전화(텔레뱅킹)",4,연금저축펀드,20151210,13431996110,441,혼합채권형,-1.45,,,2.01,-5.87,6.55,,"국민은행,KEB하나은행(구.하나은행),한국투자증권,삼성증권,기업은행,신영증권,KB증권,현대차증권주식회사,유안타증권,미래에셋대우,부국증권",20201001,,202010141043
060000,202010,0010198,KR5223AI7321,KB자산운용,KB 밸류 포커스 30 증권 자투자신탁(채권혼합)C-P 클래스,"영업점,인터넷,스마트폰,모집인,전화(텔레뱅킹)",4,연금저축펀드,20130821,28521039119,441,혼합채권형,-1.59,,,-100.0,-0.63,2.18,,"국민은행,미래에셋대우,NH투자증권,삼성증권,NH농협은행,한국투자증권,한화투자증권,하이투자증권,KB증권,대신증권,신한은행,에스케이증권,DB금융투자,현대차증권주식회사,키움증권,교보증권",20201001,,202010060941
060000,202010,0010198,KR5223AQ1589,KB자산운용,KB 연금 가치주 증권 전환형 자투자신탁(주식) C 클래스,"영업점,인터넷,스마트폰,모집인,전화(텔레뱅킹)",4,연금저축펀드,20100709,258529098165,421,주식형,-1.63,,,-100.0,-10.88,10.42,,"국민은행,KEB하나은행(구.하나은행),한국투자증권,미래에셋대우,에스케이증권,KB증권,NH투자증권,삼성증권,한화투자증권,하나금융투자,경남은행,신영증권,대신증권,신한금융투자,삼성생명보험,유진투자증권,키움증권,교보증권",20201001,,202010220942
060000,202010,0010660,K55101BF4176,한국투자신탁운용,한국투자연금베트남그로스증권자투자신탁(주식)(C),영업점,4,연금저축펀드,20160725,36731581868,421,주식형,-1.82,,,1.72,-15.99,46.65,,"한국투자증권,미래에셋대우,삼성증권,하나금융투자,대신증권,NH농협은행,KB증권,한화투자증권,신영증권,현대차증권주식회사,유안타증권,유진투자증권,이베스트투자증권,전북은행,삼성생명보험",20201001,,202009251040
060000,202010,0010198,KR5223AI7347,KB자산운용,KB스타개인용MMF P-101호(국공채)C-P,"영업점,인터넷,스마트폰,모집인,전화(텔레뱅킹)",4,연금저축펀드,20131121,97554324267,4EE,단기금융(MMF),-2.05,,,-100.0,1.34,0.98,,"국민은행,KB증권,전북은행",20201001,,202010060941
060000,202010,0010185,KR5209AH1414,신영자산운용,신영밸류고배당증권자투자신탁(주식)C-P형,"영업점,인터넷,스마트폰,모집인,전화(텔레뱅킹)",4,연금저축펀드,20130403,340127687348,421,주식형,-2.08,,,3.5,-16.69,18.6,,"KEB하나은행(구.하나은행),한국투자증권,국민은행,신영증권,NH투자증권,미래에셋대우,하나금융투자,신한금융투자,우리은행,삼성증권,한화투자증권,NH농협은행,현대차증권주식회사,KB증권,유안타증권,DB금융투자,대신증권,에스케이증권,광주은행,하이투자증권,교보증권,기업은행,한국포스증권,키움증권,유진투자증권,메리츠증권,한양증권,미래에셋생명보험,삼성생명보험,신한은행,아이비케이투자증권,이베스트투자증권",20201001,,202009291343
060000,202010,0010660,KR5101AQ4507,한국투자신탁운용,한국투자골드플랜연금증권전환형투자신탁1호(주식혼합)(C),영업점,4,연금저축펀드,20010131,51011196312,431,혼합주식형,-3.53,,,5.89,-8.99,12.68,,"한국투자증권,유안타증권,DB금융투자,국민은행,KEB하나은행(구.하나은행),제주은행,교보증권,우리은행,미래에셋대우,하나금융투자,수협은행(구.수협중앙회),대신증권,신한금융투자,현대차증권주식회사,NH투자증권,에스케이증권,삼성증권,KB증권,키움증권,한화투자증권,스탠다드차타드은행",20201001,,202009251040
060000,202010,0010198,KR5223AX3941,KB자산운용,KB 연금 가치배당40 증권 자투자신탁(채권혼합) C 클래스,"영업점,인터넷,스마트폰,모집인,전화(텔레뱅킹)",4,연금저축펀드,20150202,61117448305,441,혼합채권형,-3.65,,,-100.0,0.26,2.96,,"국민은행,우리은행,KEB하나은행(구.하나은행),미래에셋대우,한국투자증권,대신증권,신한금융투자,한화투자증권,NH투자증권,하나금융투자,KB증권,아이비케이투자증권,현대차증권주식회사,케이티비투자증권",20201001,,202010220942
060000,202010,0010660,KR5101AQ4481,한국투자신탁운용,한국투자골드플랜연금증권전환형투자신탁1호(주식)(C),영업점,4,연금저축펀드,20010131,291289000000,421,주식형,-3.72,,,10.79,-17.66,20.28,,"한국투자증권,유안타증권,DB금융투자,교보증권,수협은행(구.수협중앙회),광주은행,전북은행,KEB하나은행(구.하나은행),미래에셋대우,현대차증권주식회사,에스케이증권,신한금융투자,NH투자증권,하나금융투자,우리은행,대신증권,삼성증권,키움증권,KB증권,한화투자증권,비엔케이투자증권,스탠다드차타드은행,현대해상화재보험,이베스트투자증권",20201001,,202009251040
060000,202010,0010660,KR5101AQ4457,한국투자신탁운용,한국투자골드플랜연금증권전환형자투자신탁1호(채권)(C),영업점,4,연금저축펀드,20010131,58248955004,411,채권형,-3.74,,,2.84,4.14,0.03,,"한국투자증권,유안타증권,하나금융투자,DB금융투자,NH투자증권,국민은행,미래에셋대우,우리은행,광주은행,제주은행,에스케이증권,신한금융투자,대신증권,현대차증권주식회사,삼성증권,KB증권,수협은행(구.수협중앙회),교보증권,한화투자증권,키움증권,상상인증권,스탠다드차타드은행,이베스트투자증권,비엔케이투자증권,케이티비투자증권",20201001,,202009251040
060000,202010,0010660,KR5101AQ4432,한국투자신탁운용,한국투자골드플랜연금증권전환형투자신탁1호(국공채)(C),영업점,4,연금저축펀드,20010131,33241462291,411,채권형,-3.78,,,2.79,4.05,0.01,,"한국투자증권,KEB하나은행(구.하나은행),하나금융투자,유안타증권,NH투자증권,미래에셋대우,DB금융투자,대신증권,교보증권,신한금융투자,삼성증권,현대차증권주식회사,한화투자증권,에스케이증권,이베스트투자증권,키움증권,KB증권,케이프투자증권",20201001,,202009251040
060000,202010,0010185,K55209BE0937,신영자산운용,신영마라톤증권투자신탁(주식)C-Pe형,"영업점,인터넷,스마트폰,모집인,전화(텔레뱅킹)",4,연금저축펀드,20160831,8376142051,421,주식형,-5.05,,,4.4,-15.8,18.25,,"KEB하나은행(구.하나은행),한국투자증권,삼성증권,한국포스증권,미래에셋대우,NH투자증권,국민은행,하나금융투자,유안타증권,키움증권,KB증권,신한금융투자,대신증권,교보증권,신한은행,현대차증권주식회사,유진투자증권,기업은행,메리츠증권,하이투자증권,한화투자증권,DB금융투자,에스케이증권",20201001,,202009291343
060000,202010,0010185,K55209BG6221,신영자산운용,신영밸류고배당증권자투자신탁(주식)C-Pe형,"영업점,인터넷,스마트폰,모집인,전화(텔레뱅킹)",4,연금저축펀드,20160831,15496983071,421,주식형,-6.42,,,4.01,-16.69,17.4,,"미래에셋대우,NH투자증권,한국포스증권,국민은행,한국투자증권,유안타증권,삼성증권,신한금융투자,하나금융투자,KEB하나은행(구.하나은행),키움증권,KB증권,대신증권,한화투자증권,우리은행,현대차증권주식회사,신한은행,광주은행,기업은행,교보증권,이베스트투자증권,DB금융투자,메리츠증권,하이투자증권,유진투자증권,에스케이증권",20201001,,202009291343
060000,202010,0010185,K55209BV6883,신영자산운용,신영마라톤중소형주증권자투자신탁(주식)C-P형,"영업점,인터넷,스마트폰,모집인,전화(텔레뱅킹)",4,연금저축펀드,20170818,11600757942,421,주식형,-11.7,,,-3.32,-18.39,0.0,,"신영증권,한국투자증권,하나금융투자,미래에셋대우,국민은행,대신증권,신한금융투자,NH투자증권,삼성증권,하이투자증권,유안타증권,한화투자증권,교보증권,에스케이증권,KB증권",20201001,,202010141043
